setting,ch0,ch1,ch2,p_mev,sigma_mev,ok
high,1,1,1,646.25,10.60,1
high,1,1,2,587.23,27.76,1
high,1,1,3,542.72,32.88,1
high,1,1,4,505.99,29.78,1
high,1,1,5,463.48,16.65,1
high,1,1,6,433.62,4.39,1
high,1,2,3,606.01,4.30,1
high,1,2,4,552.05,22.33,1
high,1,2,5,508.83,26.02,1
high,1,2,6,463.14,20.94,1
high,1,2,7,428.70,8.69,1
high,1,3,5,546.25,13.91,1
high,1,3,6,504.38,22.59,1
high,1,3,7,463.46,23.02,1
high,1,3,8,425.31,13.45,1
high,1,3,9,400.10,3.23,1
high,1,4,6,542.43,5.02,1
high,1,4,7,498.94,18.92,1
high,1,4,8,462.44,21.94,1
high,1,4,9,424.37,17.09,1
high,1,4,10,396.51,6.87,1
high,1,5,8,494.07,12.35,1
high,1,5,9,459.69,19.14,1
high,1,5,10,424.98,19.18,1
high,1,5,11,393.24,10.99,1
high,1,5,12,372.00,2.39,1
high,1,6,9,490.21,4.87,1
high,1,6,10,454.93,16.08,1
high,1,6,11,424.60,18.67,1
high,1,6,12,392.15,14.13,1
high,1,6,13,368.98,5.57,1
high,1,7,11,451.26,11.31,1
high,1,7,12,422.22,16.28,1
high,1,7,13,392.38,16.27,1
high,1,7,14,365.79,9.09,1
high,1,7,15,347.56,17.20,0
high,1,8,12,448.23,5.26,1
high,1,8,13,418.80,13.89,1
high,1,8,14,392.35,16.09,1
high,1,8,15,364.57,11.87,1
high,1,8,16,345.12,4.46,1
high,1,9,14,415.61,9.98,1
high,1,9,15,390.89,14.20,1
high,1,9,16,364.86,13.79,1
high,1,9,17,342.08,7.38,1
high,1,9,18,325.70,14.92,0
high,1,10,15,412.85,4.86,1
high,1,10,16,388.01,12.25,1
high,1,10,17,364.99,13.97,1
high,1,10,18,340.80,9.99,1
high,1,10,19,324.07,3.52,1
high,1,11,17,384.94,9.25,1
high,1,11,18,363.75,12.42,1
high,1,11,19,341.20,11.88,1
high,1,11,20,321.58,6.23,1
high,1,11,21,307.40,13.06,0
high,1,12,18,382.57,4.63,1
high,1,12,19,361.50,10.72,1
high,1,12,20,341.31,12.30,1
high,1,12,21,320.20,8.60,1
high,1,12,22,305.68,2.82,1
high,1,13,20,358.87,8.35,1
high,1,13,21,340.57,11.02,1
high,1,13,22,320.33,10.34,1
high,1,13,23,303.39,5.25,1
high,1,14,21,357.02,4.52,1
high,1,14,22,338.62,9.54,1
high,1,14,23,320.44,10.77,1
high,1,14,24,302.01,7.27,1
high,1,14,25,289.30,2.36,1
high,1,15,22,355.11,20.05,0
high,1,15,23,336.42,7.62,1
high,1,15,24,319.93,9.72,1
high,1,15,25,299.90,9.98,1
high,1,16,24,334.84,4.42,1
high,1,16,25,308.90,12.09,1
high,1,16,26,285.59,6.61,1
high,1,17,25,316.78,6.98,1
high,1,17,26,297.29,11.10,1
high,1,17,27,281.57,10.10,1
high,1,17,28,261.82,1.69,1
high,1,18,26,313.76,32.66,0
high,1,18,27,289.93,9.44,1
high,1,18,28,275.21,9.82,1
high,1,18,29,258.76,5.10,1
high,1,19,28,284.00,5.93,1
high,1,19,29,268.64,9.00,1
high,1,19,30,255.82,8.09,1
high,1,19,31,239.57,1.10,1
high,1,20,29,281.26,1.40,1
high,1,20,30,262.67,7.87,1
high,1,20,31,250.60,8.15,1
high,1,20,32,237.04,3.98,1
high,1,21,31,257.87,5.12,1
high,1,21,32,245.30,7.46,1
high,1,21,33,234.31,6.60,1
high,1,21,34,220.89,0.77,1
high,1,22,32,255.75,1.50,1
high,1,22,33,240.50,6.54,1
high,1,22,34,230.49,6.81,1
high,1,22,35,218.82,3.15,1
high,1,23,34,236.27,4.32,1
high,1,23,35,226.09,6.25,1
high,1,23,36,216.85,5.54,1
high,1,23,37,205.56,0.68,1
high,1,24,35,234.63,1.41,1
high,1,24,36,222.06,5.62,1
high,1,24,37,212.66,6.27,1
high,1,25,37,211.33,6.05,1
high,1,25,38,202.34,5.73,1
high,1,25,39,190.85,2.36,1
high,1,26,38,203.71,3.25,1
high,1,26,39,193.97,5.13,1
high,1,26,40,186.30,4.70,1
high,1,27,40,185.71,4.60,1
high,1,27,41,178.78,4.35,1
high,1,27,42,170.34,1.88,1
high,1,28,41,180.07,2.39,1
high,1,28,42,172.60,3.98,1
high,1,28,43,166.79,3.71,1
high,1,29,43,166.35,3.52,1
high,1,29,44,161.15,3.35,1
high,1,29,45,156.14,3.12,1
high,1,29,46,151.64,2.99,1
high,1,30,46,151.39,2.79,1
high,1,30,47,145.34,3.29,1
high,1,30,48,139.68,2.49,1
high,1,31,48,137.19,2.67,1
high,1,31,49,131.76,2.58,1
high,1,31,50,125.38,0.42,1
high,1,32,49,130.24,1.57,1
high,1,32,50,126.01,2.25,1
high,1,32,51,121.97,1.85,1
high,1,33,51,120.15,1.84,1
high,2,1,1,751.81,64.46,1
high,2,1,2,674.22,55.02,1
high,2,1,3,614.61,34.42,1
high,2,1,4,555.93,13.77,1
high,2,2,2,773.32,28.29,1
high,2,2,3,684.10,46.17,1
high,2,2,4,610.04,38.73,1
high,2,2,5,553.03,22.01,1
high,2,2,6,504.96,2.92,1
high,2,3,3,762.04,10.00,1
high,2,3,4,679.97,36.41,1
high,2,3,5,606.30,40.12,1
high,2,3,6,548.48,26.51,1
high,2,3,7,501.12,10.28,1
high,2,4,5,671.41,23.19,1
high,2,4,6,602.69,36.41,1
high,2,4,7,544.71,30.22,1
high,2,4,8,498.77,17.06,1
high,2,4,9,459.52,28.35,0
high,2,5,6,663.80,9.57,1
high,2,5,7,599.94,29.41,1
high,2,5,8,541.56,31.86,1
high,2,5,9,495.61,21.07,1
high,2,5,10,456.78,7.52,1
high,2,6,8,593.84,19.43,1
high,2,6,9,538.81,29.60,1
high,2,6,10,492.35,24.09,1
high,2,6,11,454.85,13.43,1
high,2,6,12,421.70,23.58,0
high,2,7,9,588.06,8.80,1
high,2,7,10,536.62,24.38,1
high,2,7,11,489.78,25.80,1
high,2,7,12,452.21,17.16,1
high,2,7,13,420.24,5.75,1
high,2,8,11,532.82,16.84,1
high,2,8,12,487.71,24.47,1
high,2,8,13,449.44,19.75,1
high,2,8,14,418.14,10.50,1
high,2,9,12,527.67,8.14,1
high,2,9,13,485.60,20.81,1
high,2,9,14,447.11,21.42,1
high,2,9,15,416.04,14.13,1
high,2,9,16,388.95,4.38,1
high,2,10,14,483.30,14.75,1
high,2,10,15,445.44,20.48,1
high,2,10,16,413.78,16.30,1
high,2,10,17,387.14,8.58,1
high,2,11,15,479.69,7.90,1
high,2,11,16,444.42,17.85,1
high,2,11,17,411.58,17.81,1
high,2,11,18,385.56,11.74,1
high,2,11,19,361.93,3.15,1
high,2,12,16,476.07,34.71,0
high,2,12,17,442.28,13.25,1
high,2,12,18,410.05,17.53,1
high,2,12,19,383.39,13.72,1
high,2,12,20,360.59,6.97,1
high,2,13,18,438.75,7.36,1
high,2,13,19,409.12,15.50,1
high,2,13,20,381.56,15.11,1
high,2,13,21,359.21,9.87,1
high,2,13,22,338.77,2.67,1
high,2,14,19,436.53,28.35,0
high,2,14,20,408.01,11.83,1
high,2,14,21,380.39,15.15,1
high,2,14,22,357.23,11.56,1
high,2,14,23,337.88,5.76,1
high,2,15,21,405.44,6.78,1
high,2,15,22,379.51,13.59,1
high,2,15,23,355.96,12.98,1
high,2,15,24,336.53,8.35,1
high,2,15,25,319.05,1.85,1
high,2,16,22,403.28,1.85,1
high,2,16,23,378.61,10.44,1
high,2,16,24,354.80,13.15,1
high,2,16,25,333.31,10.80,1
high,2,17,24,376.34,6.48,1
high,2,17,25,343.30,15.22,1
high,2,17,26,324.11,13.08,1
high,2,17,27,299.94,3.85,1
high,2,18,26,333.94,11.93,1
high,2,18,27,314.22,12.31,1
high,2,18,28,296.96,8.17,1
high,2,19,27,330.15,5.50,1
high,2,19,28,305.16,11.92,1
high,2,19,29,289.99,10.37,1
high,2,19,30,270.41,2.68,1
high,2,20,29,297.74,9.76,1
high,2,20,30,282.25,9.84,1
high,2,20,31,268.10,6.32,1
high,2,21,30,294.55,4.94,1
high,2,21,31,275.05,9.56,1
high,2,21,32,262.85,8.37,1
high,2,21,33,246.52,1.95,1
high,2,22,32,268.97,8.06,1
high,2,22,33,256.57,8.02,1
high,2,22,34,244.90,4.99,1
high,2,23,33,266.46,4.19,1
high,2,23,34,250.75,7.85,1
high,2,23,35,240.62,6.87,1
high,2,23,36,226.90,1.62,1
high,2,24,34,264.50,19.31,0
high,2,24,35,245.68,6.87,1
high,2,24,36,235.50,6.68,1
high,2,24,37,225.71,4.15,1
high,2,25,36,243.66,3.79,1
high,2,25,37,227.07,7.18,1
high,2,25,38,216.68,6.17,1
high,2,26,38,214.92,6.15,1
high,2,26,39,205.93,5.69,1
high,2,26,40,196.01,3.00,1
high,2,27,39,209.16,2.87,1
high,2,27,40,197.25,5.23,1
high,2,27,41,189.64,4.64,1
high,2,28,41,188.41,4.61,1
high,2,28,42,181.75,4.28,1
high,2,28,43,174.32,2.33,1
high,2,29,42,184.47,2.08,1
high,2,29,43,175.31,4.05,1
high,2,29,44,169.11,3.61,1
high,2,29,45,163.46,3.34,1
high,2,29,46,157.85,2.02,1
high,2,30,45,166.00,1.48,1
high,2,30,46,158.44,3.22,1
high,2,30,47,151.60,3.57,1
high,2,30,48,145.03,1.83,1
high,2,31,47,151.94,0.86,1
high,2,31,48,143.27,3.14,1
high,2,31,49,137.34,2.54,1
high,2,32,49,134.81,2.24,1
high,2,32,50,130.35,2.39,1
high,2,32,51,126.30,1.65,1
high,2,33,51,124.53,2.16,1
high,3,1,1,859.67,75.47,1
high,3,1,2,752.20,53.20,1
high,3,1,3,658.59,17.13,1
high,3,2,1,959.26,27.50,1
high,3,2,2,867.09,70.48,1
high,3,2,3,751.77,61.83,1
high,3,2,4,655.71,29.05,1
high,3,2,5,587.64,45.59,0
high,3,3,2,975.85,16.62,1
high,3,3,3,875.61,67.52,1
high,3,3,4,753.67,67.88,1
high,3,3,5,653.98,38.94,1
high,3,3,6,583.30,11.87,1
high,3,4,3,992.82,5.48,1
high,3,4,4,880.02,58.82,1
high,3,4,5,756.54,67.80,1
high,3,4,6,653.00,45.43,1
high,3,4,7,580.62,21.34,1
high,3,5,5,864.56,37.38,1
high,3,5,6,755.72,58.98,1
high,3,5,7,653.81,50.48,1
high,3,5,8,578.97,29.50,1
high,3,5,9,524.26,8.55,1
high,3,6,6,848.03,14.44,1
high,3,6,7,751.17,45.99,1
high,3,6,8,656.33,51.52,1
high,3,6,9,578.11,34.92,1
high,3,6,10,521.27,15.97,1
high,3,7,8,739.74,29.75,1
high,3,7,9,656.68,45.76,1
high,3,7,10,578.34,38.85,1
high,3,7,11,519.83,22.81,1
high,3,7,12,475.59,5.88,1
high,3,8,9,727.79,13.07,1
high,3,8,10,654.58,36.43,1
high,3,8,11,580.20,40.30,1
high,3,8,12,518.80,27.42,1
high,3,8,13,473.08,12.46,1
high,3,9,11,646.90,24.77,1
high,3,9,12,580.85,36.56,1
high,3,9,13,518.83,30.67,1
high,3,9,14,472.01,18.10,1
high,3,9,15,435.96,4.39,1
high,3,10,12,638.00,11.76,1
high,3,10,13,579.97,29.80,1
high,3,10,14,520.39,32.43,1
high,3,10,15,471.16,21.99,1
high,3,10,16,433.90,9.47,1
high,3,11,14,574.89,20.72,1
high,3,11,15,520.99,30.05,1
high,3,11,16,470.77,24.72,1
high,3,11,17,432.37,14.39,1
high,3,11,18,402.31,3.03,1
high,3,12,15,568.41,10.55,1
high,3,12,16,520.98,24.74,1
high,3,12,17,471.99,26.40,1
high,3,12,18,431.44,18.04,1
high,3,12,19,400.67,7.53,1
high,3,13,16,562.90,45.59,0
high,3,13,17,517.78,17.99,1
high,3,13,18,472.91,25.01,1
high,3,13,19,431.25,20.51,1
high,3,13,20,399.17,11.88,1
high,3,13,21,373.75,2.13,1
high,3,14,18,512.42,9.73,1
high,3,14,19,472.87,21.12,1
high,3,14,20,432.07,21.97,1
high,3,14,21,398.61,14.91,1
high,3,14,22,372.25,5.88,1
high,3,15,19,507.48,36.21,0
high,3,15,20,471.38,15.76,1
high,3,15,21,433.15,21.22,1
high,3,15,22,398.17,17.16,1
high,3,15,23,370.84,9.73,1
high,3,15,24,349.44,1.47,1
high,3,16,21,466.76,8.93,1
high,3,16,22,433.38,18.06,1
high,3,16,23,398.62,18.53,1
high,3,16,24,370.34,12.57,1
high,3,16,25,347.94,4.88,1
high,3,17,22,462.86,2.73,1
high,3,17,23,432.15,13.87,1
high,3,17,24,401.51,19.15,1
high,3,17,25,375.55,20.90,1
high,3,17,26,345.16,11.32,1
high,3,18,25,399.67,12.56,1
high,3,18,26,363.79,19.43,1
high,3,18,27,338.55,15.64,1
high,3,18,28,307.96,3.22,1
high,3,19,26,394.03,2.92,1
high,3,19,27,354.07,16.86,1
high,3,19,28,329.72,16.02,1
high,3,19,29,305.91,8.33,1
high,3,20,28,348.08,10.16,1
high,3,20,29,320.89,15.02,1
high,3,20,30,301.11,12.00,1
high,3,20,31,276.73,2.14,1
high,3,21,29,343.56,3.09,1
high,3,21,30,313.34,13.42,1
high,3,21,31,294.53,12.63,1
high,3,21,32,275.21,6.29,1
high,3,22,31,308.65,8.58,1
high,3,22,32,287.54,11.97,1
high,3,22,33,271.64,9.42,1
high,3,22,34,251.80,1.43,1
high,3,23,32,305.71,2.91,1
high,3,23,33,281.56,10.90,1
high,3,23,34,266.40,10.16,1
high,3,23,35,250.63,4.93,1
high,3,24,34,277.79,7.29,1
high,3,24,35,260.90,9.75,1
high,3,24,36,247.94,7.57,1
high,3,24,37,231.62,1.10,1
high,3,25,35,275.28,2.71,1
high,3,25,36,256.11,8.99,1
high,3,25,37,241.97,9.20,1
high,3,25,38,228.23,6.30,1
high,3,26,37,251.06,2.40,1
high,3,26,38,229.71,8.65,1
high,3,26,39,218.02,7.58,1
high,3,26,40,200.40,12.89,0
high,3,27,39,218.35,6.69,1
high,3,27,40,208.06,6.62,1
high,3,27,41,198.00,4.62,1
high,3,28,40,214.75,1.90,1
high,3,28,41,199.37,6.33,1
high,3,28,42,190.76,5.66,1
high,3,28,43,177.81,0.55,1
high,3,29,42,191.27,5.00,1
high,3,29,43,183.56,5.02,1
high,3,29,44,176.81,4.62,1
high,3,29,45,170.43,4.42,1
high,3,29,46,160.59,0.66,1
high,3,30,45,171.06,3.83,1
high,3,30,46,165.04,3.94,1
high,3,30,47,157.69,4.36,1
high,3,30,48,147.42,0.82,1
high,3,31,47,155.74,2.87,1
high,3,31,48,148.66,3.71,1
high,3,31,49,142.38,2.99,1
high,3,32,49,139.93,3.04,1
high,3,32,50,134.42,2.91,1
high,3,32,51,128.63,1.20,1
high,3,33,50,134.38,1.40,1
high,3,33,51,128.55,2.65,1
high,4,1,1,922.20,50.13,1
high,4,1,2,809.72,22.36,1
high,4,2,1,954.56,32.16,1
high,4,2,2,903.32,56.94,1
high,4,2,3,804.86,40.33,1
high,4,3,2,963.30,26.35,1
high,4,3,3,899.51,61.61,1
high,4,3,4,803.10,56.32,1
high,4,3,5,699.01,14.37,1
high,4,4,3,979.00,15.92,1
high,4,4,4,903.86,63.04,1
high,4,4,5,806.83,70.52,1
high,4,4,6,694.12,27.77,1
high,4,5,4,993.55,4.91,1
high,4,5,5,911.15,58.47,1
high,4,5,6,809.88,76.81,1
high,4,5,7,691.93,39.99,1
high,4,5,8,614.60,9.35,1
high,4,6,6,916.63,50.94,1
high,4,6,7,812.38,75.41,1
high,4,6,8,693.35,50.87,1
high,4,6,9,610.92,19.85,1
high,4,7,7,924.12,42.21,1
high,4,7,8,812.23,68.79,1
high,4,7,9,697.13,57.72,1
high,4,7,10,608.41,29.59,1
high,4,7,11,548.56,6.32,1
high,4,8,8,917.51,25.80,1
high,4,8,9,803.42,55.47,1
high,4,8,10,700.23,58.70,1
high,4,8,11,608.69,37.85,1
high,4,8,12,545.47,14.52,1
high,4,9,9,901.83,122.93,0
high,4,9,10,791.81,39.73,1
high,4,9,11,698.94,52.25,1
high,4,9,12,611.45,43.74,1
high,4,9,13,543.45,22.61,1
high,4,9,14,496.36,3.86,1
high,4,10,11,778.42,21.11,1
high,4,10,12,693.90,42.77,1
high,4,10,13,614.05,45.26,1
high,4,10,14,543.08,28.99,1
high,4,10,15,493.62,10.85,1
high,4,11,12,768.88,85.15,0
high,4,11,13,685.64,31.79,1
high,4,11,14,613.47,41.13,1
high,4,11,15,545.00,34.03,1
high,4,11,16,491.56,17.56,1
high,4,11,17,452.92,2.75,1
high,4,12,14,676.17,17.98,1
high,4,12,15,610.77,34.21,1
high,4,12,16,547.24,35.86,1
high,4,12,17,490.80,22.85,1
high,4,12,18,450.55,8.16,1
high,4,13,15,669.18,4.97,1
high,4,13,16,605.27,25.84,1
high,4,13,17,547.59,33.41,1
high,4,13,18,492.18,27.31,1
high,4,13,19,448.82,14.02,1
high,4,13,20,416.10,21.25,0
high,4,14,17,598.51,15.46,1
high,4,14,18,545.86,27.95,1
high,4,14,19,493.88,29.10,1
high,4,14,20,448.01,18.34,1
high,4,14,21,414.92,6.23,1
high,4,15,18,592.45,5.13,1
high,4,15,19,541.96,21.84,1
high,4,15,20,494.75,27.60,1
high,4,15,21,448.67,22.20,1
high,4,15,22,413.49,11.09,1
high,4,15,23,386.57,18.09,0
high,4,16,20,536.77,13.49,1
high,4,16,21,493.60,23.44,1
high,4,16,22,450.39,24.04,1
high,4,16,23,412.44,15.04,1
high,4,16,24,384.80,4.94,1
high,4,17,21,532.01,5.53,1
high,4,17,22,490.98,18.64,1
high,4,17,23,454.31,24.64,1
high,4,17,24,431.66,26.99,1
high,4,17,25,404.36,23.26,1
high,4,17,26,358.66,3.79,1
high,4,18,24,482.49,5.02,1
high,4,18,25,425.80,23.97,1
high,4,18,26,391.83,22.95,1
high,4,18,27,355.69,10.83,1
high,4,19,26,414.48,14.66,1
high,4,19,27,379.12,20.82,1
high,4,19,28,350.98,16.83,1
high,4,19,29,316.60,2.30,1
high,4,20,27,407.98,4.88,1
high,4,20,28,367.67,18.23,1
high,4,20,29,342.35,17.52,1
high,4,20,30,314.34,7.78,1
high,4,21,29,359.17,11.69,1
high,4,21,30,332.66,15.98,1
high,4,21,31,310.88,12.66,1
high,4,21,32,283.62,1.44,1
high,4,22,30,354.29,4.68,1
high,4,22,31,324.08,14.28,1
high,4,22,32,304.36,13.67,1
high,4,22,33,281.92,5.85,1
high,4,23,32,317.36,9.54,1
high,4,23,33,297.02,12.67,1
high,4,23,34,279.45,9.85,1
high,4,23,35,257.53,0.81,1
high,4,24,33,313.73,3.95,1
high,4,24,34,290.19,11.48,1
high,4,24,35,274.45,11.05,1
high,4,24,36,256.16,4.53,1
high,4,25,35,284.87,7.99,1
high,4,25,36,269.01,10.35,1
high,4,25,37,256.06,10.66,1
high,4,25,38,235.10,3.58,1
high,4,26,37,259.00,6.78,1
high,4,26,38,242.40,9.21,1
high,4,26,39,229.81,8.02,1
high,4,27,39,229.52,8.32,1
high,4,27,40,218.09,7.60,1
high,4,27,41,203.10,2.46,1
high,4,28,40,220.19,4.95,1
high,4,28,41,208.54,6.66,1
high,4,28,42,199.43,5.86,1
high,4,29,42,199.37,6.15,1
high,4,29,43,191.22,5.53,1
high,4,29,44,183.87,5.04,1
high,4,29,45,177.16,4.54,1
high,4,30,45,177.24,4.73,1
high,4,30,46,171.04,4.30,1
high,4,30,47,163.82,4.57,1
high,4,31,47,160.31,3.69,1
high,4,31,48,153.37,3.98,1
high,4,31,49,146.88,3.05,1
high,4,32,49,144.53,3.40,1
high,4,32,50,138.37,3.13,1
high,4,32,51,130.08,6.88,0
high,4,33,50,136.74,2.28,1
high,4,33,51,131.81,2.76,1
high,5,1,1,992.49,5.45,1
high,5,2,1,984.37,11.76,1
high,5,2,2,967.97,22.22,1
high,5,3,2,969.62,23.27,1
high,5,3,3,947.21,34.48,1
high,5,3,4,871.42,17.79,1
high,5,4,3,972.44,20.57,1
high,5,4,4,935.84,43.07,1
high,5,4,5,864.20,39.17,1
high,5,5,4,981.79,13.46,1
high,5,5,5,928.46,49.82,1
high,5,5,6,860.53,57.88,1
high,5,5,7,743.76,10.58,1
high,5,6,5,994.20,4.47,1
high,5,6,6,924.31,51.60,1
high,5,6,7,854.49,67.37,1
high,5,6,8,738.33,26.04,1
high,5,7,7,928.44,49.21,1
high,5,7,8,852.45,72.90,1
high,5,7,9,734.77,40.66,1
high,5,7,10,649.73,5.97,1
high,5,8,8,940.78,40.77,1
high,5,8,9,855.82,74.46,1
high,5,8,10,734.72,52.87,1
high,5,8,11,644.34,17.94,1
high,5,9,9,952.64,31.42,1
high,5,9,10,860.01,71.67,1
high,5,9,11,739.55,63.23,1
high,5,9,12,641.96,29.50,1
high,5,9,13,576.44,3.54,1
high,5,10,10,967.38,21.24,1
high,5,10,11,861.96,65.72,1
high,5,10,12,743.32,66.95,1
high,5,10,13,640.91,38.65,1
high,5,10,14,572.72,12.81,1
high,5,11,11,980.16,9.23,1
high,5,11,12,852.99,52.94,1
high,5,11,13,743.79,62.23,1
high,5,11,14,643.30,46.82,1
high,5,11,15,569.93,21.84,1
high,5,11,16,519.62,31.87,0
high,5,12,13,836.86,31.57,1
high,5,12,14,739.23,52.14,1
high,5,12,15,646.53,50.42,1
high,5,12,16,568.83,29.42,1
high,5,12,17,515.55,9.23,1
high,5,13,14,823.94,10.86,1
high,5,13,15,730.59,40.50,1
high,5,13,16,647.59,48.02,1
high,5,13,17,570.49,35.89,1
high,5,13,18,512.72,16.64,1
high,5,14,16,720.05,25.58,1
high,5,14,17,645.03,40.80,1
high,5,14,18,572.29,39.16,1
high,5,14,19,511.69,22.86,1
high,5,14,20,469.20,6.87,1
high,5,15,17,710.42,10.45,1
high,5,15,18,639.84,32.28,1
high,5,15,19,574.03,38.21,1
high,5,15,20,512.48,28.28,1
high,5,15,21,466.82,12.88,1
high,5,16,19,632.16,21.26,1
high,5,16,20,572.74,32.98,1
high,5,16,21,514.51,31.40,1
high,5,16,22,465.63,18.24,1
high,5,16,23,430.47,4.94,1
high,5,17,20,625.45,9.65,1
high,5,17,21,569.10,26.34,1
high,5,17,22,521.32,33.62,1
high,5,17,23,493.56,35.34,1
high,5,17,24,464.22,26.84,1
high,5,17,25,426.65,15.21,1
high,5,18,23,558.10,8.93,1
high,5,18,24,513.03,21.98,1
high,5,18,25,461.97,31.05,1
high,5,18,26,420.12,24.01,1
high,5,18,27,370.27,2.74,1
high,5,19,25,504.06,8.10,1
high,5,19,26,444.40,27.03,1
high,5,19,27,407.87,25.16,1
high,5,19,28,367.26,10.10,1
high,5,20,27,430.96,17.61,1
high,5,20,28,393.84,22.53,1
high,5,20,29,363.08,17.06,1
high,5,20,30,325.23,1.35,1
high,5,21,28,423.55,7.22,1
high,5,21,29,381.25,20.00,1
high,5,21,30,354.43,18.81,1
high,5,21,31,322.88,7.27,1
high,5,22,30,371.33,13.82,1
high,5,22,31,344.05,17.14,1
high,5,22,32,319.94,12.57,1
high,5,22,33,290.89,16.45,0
high,5,23,31,365.84,6.13,1
high,5,23,32,334.42,15.58,1
high,5,23,33,313.79,14.57,1
high,5,23,34,288.88,5.23,1
high,5,24,33,327.04,11.19,1
high,5,24,34,305.84,13.46,1
high,5,24,35,286.75,9.70,1
high,5,24,36,263.34,13.34,0
high,5,25,34,322.80,5.30,1
high,5,25,35,298.56,12.42,1
high,5,25,36,285.01,11.97,1
high,5,25,37,272.02,12.09,1
high,5,26,37,271.14,10.81,1
high,5,26,38,255.52,10.31,1
high,5,26,39,238.53,6.18,1
high,5,27,38,262.65,4.02,1
high,5,27,39,242.02,9.40,1
high,5,27,40,229.33,8.41,1
high,5,28,40,228.90,7.65,1
high,5,28,41,217.93,7.32,1
high,5,28,42,205.65,4.35,1
high,5,29,41,222.99,2.88,1
high,5,29,42,208.49,6.79,1
high,5,29,43,199.23,6.02,1
high,5,29,44,191.07,5.48,1
high,5,29,45,182.00,3.37,1
high,5,30,44,195.16,2.16,1
high,5,30,45,184.13,5.14,1
high,5,30,46,177.21,4.62,1
high,5,30,47,170.07,4.72,1
high,5,31,47,166.00,4.27,1
high,5,31,48,158.12,4.29,1
high,5,31,49,150.46,2.56,1
high,5,32,48,159.09,0.93,1
high,5,32,49,149.18,3.81,1
high,5,32,50,142.54,3.19,1
high,5,33,50,140.17,2.78,1
high,5,33,51,135.05,2.92,1
high,5,34,51,136.26,0.36,1
high,6,4,4,999.46,145.14,0
high,6,5,4,994.58,4.31,1
high,6,5,5,978.86,15.64,1
high,6,5,6,942.41,11.84,1
high,6,6,5,989.53,7.46,1
high,6,6,6,963.50,26.52,1
high,6,6,7,930.17,34.53,1
high,6,7,7,949.46,36.66,1
high,6,7,8,911.40,48.88,1
high,6,7,9,795.90,5.62,1
high,6,8,8,943.43,41.36,1
high,6,8,9,896.50,57.70,1
high,6,8,10,787.95,23.51,1
high,6,9,9,948.29,36.94,1
high,6,9,10,890.05,62.86,1
high,6,9,11,782.75,41.10,1
high,6,9,12,688.46,52.95,0
high,6,10,10,957.40,29.97,1
high,6,10,11,890.53,65.95,1
high,6,10,12,782.97,56.33,1
high,6,10,13,682.43,15.50,1
high,6,11,11,972.18,20.04,1
high,6,11,12,896.91,65.19,1
high,6,11,13,788.42,69.40,1
high,6,11,14,678.34,28.61,1
high,6,12,12,987.68,9.46,1
high,6,12,13,901.29,60.96,1
high,6,12,14,793.63,75.00,1
high,6,12,15,676.50,40.41,1
high,6,12,16,602.58,10.62,1
high,6,13,14,904.59,54.39,1
high,6,13,15,795.16,72.23,1
high,6,13,16,679.92,50.42,1
high,6,13,17,598.69,20.63,1
high,6,14,15,904.29,43.62,1
high,6,14,16,790.65,63.19,1
high,6,14,17,684.17,55.58,1
high,6,14,18,596.71,30.10,1
high,6,14,19,539.62,7.33,1
high,6,15,16,888.80,20.73,1
high,6,15,17,782.03,50.56,1
high,6,15,18,686.51,55.12,1
high,6,15,19,598.34,37.91,1
high,6,15,20,536.53,15.33,1
high,6,16,18,770.57,35.10,1
high,6,16,19,683.66,48.24,1
high,6,16,20,601.96,42.61,1
high,6,16,21,534.07,22.91,1
high,6,16,22,488.89,4.93,1
high,6,17,19,758.63,17.55,1
high,6,17,20,678.23,39.50,1
high,6,17,21,613.88,47.37,1
high,6,17,22,577.28,48.05,1
high,6,17,23,534.55,35.00,1
high,6,17,24,483.97,18.01,1
high,6,17,25,447.12,3.48,1
high,6,18,22,662.36,15.03,1
high,6,18,23,599.20,31.77,1
high,6,18,24,548.94,38.57,1
high,6,18,25,507.11,39.22,1
high,6,18,26,442.65,14.48,1
high,6,19,25,540.46,28.65,1
high,6,19,26,484.94,34.13,1
high,6,19,27,437.59,24.88,1
high,6,19,28,382.20,27.67,0
high,6,20,26,527.59,11.89,1
high,6,20,27,465.31,29.92,1
high,6,20,28,425.38,27.44,1
high,6,20,29,379.03,9.51,1
high,6,21,28,448.78,21.02,1
high,6,21,29,410.34,24.48,1
high,6,21,30,375.46,17.30,1
high,6,21,31,334.89,21.25,0
high,6,22,29,440.06,9.67,1
high,6,22,30,396.41,21.99,1
high,6,22,31,367.41,20.27,1
high,6,22,32,332.31,6.59,1
high,6,23,31,385.03,16.15,1
high,6,23,32,356.42,18.44,1
high,6,23,33,329.59,12.61,1
high,6,24,32,378.13,8.04,1
high,6,24,33,346.20,16.80,1
high,6,24,34,323.91,15.53,1
high,6,24,35,296.31,4.65,1
high,6,25,34,337.44,12.82,1
high,6,25,35,316.62,14.60,1
high,6,25,36,304.62,13.65,1
high,6,25,37,289.40,12.66,1
high,6,26,36,328.71,48.60,0
high,6,26,37,289.25,13.53,1
high,6,26,38,270.75,12.16,1
high,6,26,39,244.98,2.72,1
high,6,27,38,272.26,8.73,1
high,6,27,39,255.29,10.18,1
high,6,27,40,240.92,8.31,1
high,6,28,39,266.99,43.41,0
high,6,28,40,241.36,9.32,1
high,6,28,41,228.62,8.47,1
high,6,28,42,210.38,1.87,1
high,6,29,41,229.75,6.21,1
high,6,29,42,217.98,7.23,1
high,6,29,43,208.09,6.57,1
high,6,29,44,199.01,6.24,1
high,6,29,45,185.58,1.43,1
high,6,30,44,200.09,4.57,1
high,6,30,45,191.31,5.45,1
high,6,30,46,183.93,5.01,1
high,6,30,47,176.94,4.95,1
high,6,31,47,172.56,4.87,1
high,6,31,48,163.38,4.70,1
high,6,31,49,152.84,1.30,1
high,6,32,48,161.76,2.52,1
high,6,32,49,153.84,3.99,1
high,6,32,50,147.02,3.29,1
high,6,33,50,144.39,3.13,1
high,6,33,51,138.58,3.18,1
high,6,34,51,138.03,1.40,1
high,7,8,9,996.59,104.87,0
high,7,9,9,986.40,10.24,1
high,7,9,10,971.87,19.46,1
high,7,10,10,970.82,21.80,1
high,7,10,11,949.81,33.14,1
high,7,10,12,867.85,11.94,1
high,7,11,11,969.20,22.94,1
high,7,11,12,936.52,42.07,1
high,7,11,13,862.76,33.60,1
high,7,12,12,980.06,14.66,1
high,7,12,13,930.76,49.45,1
high,7,12,14,859.95,54.60,1
high,7,12,15,741.05,7.14,1
high,7,13,13,991.62,6.77,1
high,7,13,14,930.13,51.64,1
high,7,13,15,860.93,67.73,1
high,7,13,16,736.59,22.58,1
high,7,14,15,932.73,47.57,1
high,7,14,16,859.53,71.62,1
high,7,14,17,733.90,37.64,1
high,7,14,18,648.43,43.32,0
high,7,15,16,934.31,42.73,1
high,7,15,17,856.05,70.19,1
high,7,15,18,736.71,50.92,1
high,7,15,19,644.41,15.06,1
high,7,16,17,943.39,35.86,1
high,7,16,18,851.48,67.10,1
high,7,16,19,741.23,58.37,1
high,7,16,20,641.51,26.85,1
high,7,17,18,954.88,26.20,1
high,7,17,19,842.88,61.49,1
high,7,17,20,759.63,68.00,1
high,7,17,21,712.62,63.69,1
high,7,17,22,644.55,44.40,1
high,7,17,23,570.41,19.73,1
high,7,18,21,813.67,26.86,1
high,7,18,22,723.68,46.66,1
high,7,18,23,662.50,52.44,1
high,7,18,24,626.44,49.17,1
high,7,18,25,566.74,37.10,1
high,7,19,24,702.97,22.46,1
high,7,19,25,606.27,45.91,1
high,7,19,26,546.34,41.38,1
high,7,19,27,467.40,11.47,1
high,7,20,26,572.05,33.46,1
high,7,20,27,518.09,35.00,1
high,7,20,28,464.95,23.51,1
high,7,21,27,554.23,16.25,1
high,7,21,28,493.27,30.60,1
high,7,21,29,452.95,28.18,1
high,7,21,30,397.04,7.08,1
high,7,22,29,470.91,23.61,1
high,7,22,30,434.09,24.74,1
high,7,22,31,395.09,16.00,1
high,7,23,30,457.89,12.52,1
high,7,23,31,416.95,21.84,1
high,7,23,32,387.60,20.36,1
high,7,23,33,345.90,4.60,1
high,7,24,31,451.37,55.53,0
high,7,24,32,401.12,17.75,1
high,7,24,33,374.49,18.40,1
high,7,24,34,344.24,11.26,1
high,7,25,33,391.31,10.03,1
high,7,25,34,361.85,16.41,1
high,7,25,35,344.56,15.55,1
high,7,25,36,329.46,14.36,1
high,7,25,37,305.76,8.34,1
high,7,26,36,342.37,8.38,1
high,7,26,37,313.40,14.23,1
high,7,26,38,293.00,12.45,1
high,7,27,38,289.90,11.51,1
high,7,27,39,272.93,10.79,1
high,7,27,40,251.38,5.08,1
high,7,28,39,275.38,5.82,1
high,7,28,40,257.30,9.34,1
high,7,28,41,243.95,8.43,1
high,7,29,41,242.22,7.98,1
high,7,29,42,230.54,7.34,1
high,7,29,43,219.44,6.62,1
high,7,29,44,210.09,6.11,1
high,7,30,44,209.01,5.80,1
high,7,30,45,200.68,5.47,1
high,7,30,46,192.55,4.98,1
high,7,30,47,185.60,4.67,1
high,7,31,47,180.86,5.25,1
high,7,31,48,170.73,4.58,1
high,7,32,48,166.70,3.40,1
high,7,32,49,159.48,3.98,1
high,7,32,50,152.62,3.04,1
high,7,33,50,149.78,3.22,1
high,7,33,51,143.39,3.12,1
high,7,34,51,140.91,2.21,1
high,8,13,14,994.22,4.22,1
high,8,13,15,990.52,84.59,0
high,8,14,15,979.97,15.06,1
high,8,14,16,963.36,22.77,1
high,8,15,16,963.38,26.85,1
high,8,15,17,939.03,38.05,1
high,8,15,18,831.29,62.56,0
high,8,16,17,955.46,33.64,1
high,8,16,18,922.35,47.96,1
high,8,16,19,825.16,21.46,1
high,8,17,18,960.63,28.90,1
high,8,17,19,920.76,54.37,1
high,8,17,20,898.68,63.23,1
high,8,17,21,818.73,56.41,1
high,8,17,22,709.24,13.87,1
high,8,18,20,982.09,12.97,1
high,8,18,21,909.47,57.91,1
high,8,18,22,860.69,78.08,1
high,8,18,23,805.51,73.62,1
high,8,18,24,704.64,40.45,1
high,8,18,25,623.83,9.36,1
high,8,19,23,921.48,49.40,1
high,8,19,24,829.86,76.76,1
high,8,19,25,740.19,78.43,1
high,8,19,26,618.70,30.62,1
high,8,20,25,805.52,51.94,1
high,8,20,26,691.25,64.12,1
high,8,20,27,601.62,44.23,1
high,8,20,28,503.65,3.93,1
high,8,21,26,765.22,18.21,1
high,8,21,27,649.82,53.46,1
high,8,21,28,576.10,47.17,1
high,8,21,29,499.50,18.09,1
high,8,22,28,616.25,33.15,1
high,8,22,29,546.98,40.32,1
high,8,22,30,489.25,27.81,1
high,8,22,31,422.37,30.26,0
high,8,23,29,592.15,13.44,1
high,8,23,30,521.35,34.99,1
high,8,23,31,473.18,31.44,1
high,8,23,32,419.59,11.45,1
high,8,24,31,500.18,23.61,1
high,8,24,32,453.94,27.87,1
high,8,24,33,413.58,18.80,1
high,8,25,32,484.36,10.29,1
high,8,25,33,436.32,24.89,1
high,8,25,34,408.28,22.89,1
high,8,25,35,387.88,20.60,1
high,8,25,36,358.83,13.49,1
high,8,26,35,410.80,8.34,1
high,8,26,36,376.23,18.55,1
high,8,26,37,348.67,18.31,1
high,8,26,38,317.63,10.06,1
high,8,27,37,357.70,6.84,1
high,8,27,38,322.91,15.89,1
high,8,27,39,300.54,13.66,1
high,8,28,39,298.59,12.49,1
high,8,28,40,280.09,11.64,1
high,8,28,41,259.78,6.21,1
high,8,29,40,285.43,4.93,1
high,8,29,41,263.89,10.33,1
high,8,29,42,248.69,8.88,1
high,8,29,43,235.58,8.04,1
high,8,29,44,221.23,4.30,1
high,8,30,43,239.38,3.58,1
high,8,30,44,224.46,7.25,1
high,8,30,45,213.89,6.37,1
high,8,30,46,204.53,5.88,1
high,8,30,47,194.04,3.24,1
high,8,31,46,207.43,2.60,1
high,8,31,47,192.60,6.44,1
high,8,31,48,180.94,4.96,1
high,8,32,48,176.14,4.51,1
high,8,32,49,167.25,4.56,1
high,8,32,50,158.52,2.33,1
high,8,33,49,166.91,1.20,1
high,8,33,50,157.34,3.97,1
high,8,33,51,150.08,3.26,1
high,8,34,51,147.04,2.92,1
low,1,9,1,135.15,0.70,1
low,1,10,1,137.22,1.72,1
low,1,10,2,134.04,0.71,1
low,1,11,1,139.60,1.56,1
low,1,11,2,136.56,1.49,1
low,1,11,3,133.93,1.10,1
low,1,11,4,132.14,0.38,1
low,1,12,1,141.64,2.40,0
low,1,12,2,139.16,1.20,1
low,1,12,3,136.79,1.44,1
low,1,12,4,134.06,1.37,1
low,1,12,5,131.76,0.78,1
low,1,12,6,130.11,1.52,0
low,1,13,3,139.22,0.74,1
low,1,13,4,136.84,1.31,1
low,1,13,5,134.37,1.44,1
low,1,13,6,131.76,1.07,1
low,1,13,7,129.90,0.52,1
low,1,14,4,139.09,1.86,0
low,1,14,5,136.75,1.10,1
low,1,14,6,134.51,1.37,1
low,1,14,7,131.96,1.35,1
low,1,14,8,129.71,0.81,1
low,1,14,9,128.07,1.45,0
low,1,15,6,136.80,0.73,1
low,1,15,7,134.59,1.21,1
low,1,15,8,132.25,1.40,1
low,1,15,9,129.69,1.07,1
low,1,15,10,127.88,0.54,1
low,1,16,7,136.57,1.77,0
low,1,16,8,134.55,0.99,1
low,1,16,9,132.43,1.29,1
low,1,16,10,129.96,1.31,1
low,1,16,11,127.77,0.85,1
low,1,16,12,126.31,1.39,0
low,1,17,9,134.50,0.55,1
low,1,17,10,132.42,1.17,1
low,1,17,11,130.64,1.48,1
low,1,17,12,129.26,1.70,1
low,1,17,13,127.83,1.40,1
low,1,17,14,125.89,0.86,1
low,1,17,15,124.47,0.34,1
low,1,18,12,132.38,0.50,1
low,1,18,13,130.41,1.00,1
low,1,18,14,128.68,1.40,1
low,1,18,15,127.26,1.67,1
low,1,18,16,125.91,1.41,1
low,1,18,17,124.08,0.89,1
low,1,18,18,122.61,0.39,1
low,1,19,15,130.41,2.19,0
low,1,19,16,128.46,0.96,1
low,1,19,17,126.72,1.26,1
low,1,19,18,125.42,1.55,1
low,1,19,19,124.20,1.40,1
low,1,19,20,122.49,0.96,1
low,1,19,21,121.04,0.49,1
low,1,20,18,128.37,2.08,0
low,1,20,19,126.62,0.88,1
low,1,20,20,124.96,1.14,1
low,1,20,21,123.66,1.49,1
low,1,20,22,122.48,1.41,1
low,1,20,23,120.95,1.00,1
low,1,20,24,119.35,0.58,1
low,1,21,22,124.91,0.75,1
low,1,21,23,123.20,1.04,1
low,1,21,24,121.88,1.38,1
low,1,21,25,120.35,1.46,1
low,1,21,26,117.86,0.64,1
low,1,22,25,121.93,1.09,1
low,1,22,26,119.72,1.42,1
low,1,22,27,117.66,1.20,1
low,1,22,28,115.29,1.75,0
low,1,23,26,121.74,0.52,1
low,1,23,27,119.28,1.23,1
low,1,23,28,117.24,1.36,1
low,1,23,29,115.08,0.79,1
low,1,24,28,118.74,0.88,1
low,1,24,29,116.73,1.30,1
low,1,24,30,114.88,1.20,1
low,1,24,31,112.75,0.44,1
low,1,25,29,118.74,3.13,0
low,1,25,30,116.33,1.05,1
low,1,25,31,114.60,1.29,1
low,1,25,32,113.57,1.30,1
low,1,25,33,112.34,1.20,1
low,1,25,34,110.38,0.57,1
low,1,26,33,113.72,0.89,1
low,1,26,34,112.02,1.18,1
low,1,26,35,110.94,1.21,1
low,1,26,36,109.95,1.14,1
low,1,26,37,108.19,0.76,1
low,1,27,36,111.36,0.65,1
low,1,27,37,109.01,1.22,1
low,1,27,38,107.28,1.22,1
low,1,27,39,104.64,0.21,1
low,1,28,38,107.69,0.97,1
low,1,28,39,105.93,1.11,1
low,1,28,40,104.33,1.01,1
low,1,29,39,107.41,4.44,0
low,1,29,40,104.74,1.10,1
low,1,29,41,103.29,1.03,1
low,1,29,42,102.03,0.99,1
low,1,29,43,100.74,1.02,1
low,1,29,44,98.67,0.26,1
low,1,30,43,101.16,0.78,1
low,1,30,44,99.75,0.92,1
low,1,30,45,98.70,0.91,1
low,1,30,46,97.65,0.87,1
low,1,30,47,96.21,0.56,1
low,1,31,46,98.48,0.42,1
low,1,31,47,96.30,0.98,1
low,1,31,48,94.58,0.91,1
low,1,31,49,92.43,1.83,0
low,1,32,48,94.39,0.67,1
low,1,32,49,92.98,0.83,1
low,1,32,50,91.68,0.78,1
low,1,33,50,91.40,0.72,1
low,1,33,51,90.21,0.76,1
low,2,10,1,140.20,0.42,1
low,2,11,1,142.28,1.64,1
low,2,11,2,138.95,0.54,1
low,2,12,1,144.64,1.97,1
low,2,12,2,141.36,1.47,1
low,2,12,3,138.87,0.97,1
low,2,12,4,136.79,1.59,0
low,2,13,1,147.21,0.85,1
low,2,13,2,144.32,1.60,1
low,2,13,3,141.41,1.67,1
low,2,13,4,138.86,1.26,1
low,2,13,5,136.56,0.57,1
low,2,14,2,147.12,1.98,0
low,2,14,3,144.48,1.18,1
low,2,14,4,141.61,1.65,1
low,2,14,5,138.92,1.45,1
low,2,14,6,136.44,0.95,1
low,2,14,7,134.39,1.51,0
low,2,15,4,144.46,0.70,1
low,2,15,5,141.82,1.41,1
low,2,15,6,138.99,1.61,1
low,2,15,7,136.52,1.24,1
low,2,15,8,134.21,0.63,1
low,2,16,5,144.44,1.87,0
low,2,16,6,141.96,1.01,1
low,2,16,7,139.15,1.56,1
low,2,16,8,136.53,1.43,1
low,2,16,9,134.18,1.04,1
low,2,16,10,132.19,1.44,0
low,2,17,7,141.91,0.59,1
low,2,17,8,139.39,1.36,1
low,2,17,9,136.98,1.74,1
low,2,17,10,135.52,1.87,1
low,2,17,11,134.08,1.46,1
low,2,17,12,132.17,1.05,1
low,2,17,13,130.05,0.35,1
low,2,18,10,139.39,0.42,1
low,2,18,11,137.15,1.18,1
low,2,18,12,134.67,1.59,1
low,2,18,13,133.22,1.81,1
low,2,18,14,131.96,1.48,1
low,2,18,15,130.09,1.02,1
low,2,18,16,128.24,0.43,1
low,2,19,13,137.05,2.34,0
low,2,19,14,134.91,1.06,1
low,2,19,15,132.58,1.48,1
low,2,19,16,131.05,1.72,1
low,2,19,17,129.86,1.49,1
low,2,19,18,128.20,1.06,1
low,2,19,19,126.29,0.52,1
low,2,20,16,134.77,2.22,0
low,2,20,17,132.90,0.92,1
low,2,20,18,130.59,1.38,1
low,2,20,19,128.99,1.62,1
low,2,20,20,127.93,1.53,1
low,2,20,21,126.44,1.06,1
low,2,20,22,124.60,0.65,1
low,2,21,19,132.75,2.11,0
low,2,21,20,130.84,0.79,1
low,2,21,21,128.71,1.26,1
low,2,21,22,127.09,1.55,1
low,2,21,23,126.07,1.50,1
low,2,21,24,124.62,1.10,1
low,2,21,25,122.89,0.67,1
low,2,22,23,128.95,0.71,1
low,2,22,24,126.96,1.15,1
low,2,22,25,124.70,1.56,1
low,2,22,26,122.61,1.20,1
low,2,22,27,119.82,1.84,0
low,2,23,25,127.21,0.55,1
low,2,23,26,124.06,1.50,1
low,2,23,27,122.05,1.43,1
low,2,23,28,119.82,0.83,1
low,2,24,27,123.87,1.00,1
low,2,24,28,121.36,1.45,1
low,2,24,29,119.39,1.19,1
low,2,24,30,117.07,0.42,1
low,2,25,28,123.81,3.38,0
low,2,25,29,120.85,1.30,1
low,2,25,30,118.97,1.41,1
low,2,25,31,117.91,1.40,1
low,2,25,32,116.50,1.21,1
low,2,25,33,114.39,0.53,1
low,2,26,32,118.04,1.10,1
low,2,26,33,116.00,1.30,1
low,2,26,34,114.96,1.29,1
low,2,26,35,113.85,1.19,1
low,2,26,36,112.09,0.74,1
low,2,27,35,115.45,0.82,1
low,2,27,36,113.35,1.21,1
low,2,27,37,111.82,1.28,1
low,2,27,38,109.83,0.86,1
low,2,28,37,113.09,0.49,1
low,2,28,38,110.31,1.27,1
low,2,28,39,108.55,1.19,1
low,2,28,40,106.04,0.31,1
low,2,29,39,109.02,1.03,1
low,2,29,40,107.18,1.11,1
low,2,29,41,105.77,1.09,1
low,2,29,42,104.41,1.02,1
low,2,29,43,102.83,0.65,1
low,2,30,42,105.49,0.48,1
low,2,30,43,103.27,1.03,1
low,2,30,44,102.02,0.98,1
low,2,30,45,100.87,0.93,1
low,2,30,46,99.67,0.86,1
low,2,31,46,99.96,0.95,1
low,2,31,47,98.32,1.00,1
low,2,31,48,96.71,0.87,1
low,2,32,48,96.22,0.89,1
low,2,32,49,94.79,0.85,1
low,2,32,50,93.41,0.66,1
low,2,33,49,95.70,2.96,0
low,2,33,50,93.20,0.85,1
low,2,33,51,91.83,0.80,1
low,2,34,51,92.00,0.48,1
low,3,11,1,144.42,0.76,1
low,3,12,1,146.98,2.00,1
low,3,12,2,143.02,0.77,1
low,3,13,1,150.18,2.33,1
low,3,13,2,146.01,1.83,1
low,3,13,3,143.03,1.23,1
low,3,13,4,140.50,1.70,0
low,3,14,1,153.28,1.09,1
low,3,14,2,149.97,1.88,1
low,3,14,3,146.38,1.97,1
low,3,14,4,143.19,1.53,1
low,3,14,5,140.47,0.82,1
low,3,15,2,153.03,0.51,1
low,3,15,3,150.19,1.46,1
low,3,15,4,146.77,2.01,1
low,3,15,5,143.40,1.78,1
low,3,15,6,140.43,1.23,1
low,3,15,7,138.03,0.41,1
low,3,16,4,150.26,0.98,1
low,3,16,5,147.23,1.73,1
low,3,16,6,143.71,1.88,1
low,3,16,7,140.64,1.53,1
low,3,16,8,138.11,0.85,1
low,3,17,5,150.04,2.96,0
low,3,17,6,147.43,1.29,1
low,3,17,7,144.41,1.99,1
low,3,17,8,142.12,2.41,1
low,3,17,9,140.39,2.20,1
low,3,17,10,138.18,1.52,1
low,3,17,11,135.77,0.90,1
low,3,17,12,133.74,2.03,0
low,3,18,8,147.15,2.79,0
low,3,18,9,144.71,1.20,1
low,3,18,10,141.87,1.81,1
low,3,18,11,139.56,2.28,1
low,3,18,12,137.92,2.17,1
low,3,18,13,135.86,1.50,1
low,3,18,14,133.55,0.94,1
low,3,18,15,131.57,1.93,0
low,3,19,11,144.61,2.64,0
low,3,19,12,142.12,1.06,1
low,3,19,13,139.50,1.67,1
low,3,19,14,137.19,2.11,1
low,3,19,15,135.62,2.11,1
low,3,19,16,133.73,1.50,1
low,3,19,17,131.50,0.96,1
low,3,19,18,129.64,1.84,0
low,3,20,15,139.66,0.98,1
low,3,20,16,137.20,1.54,1
low,3,20,17,134.98,1.97,1
low,3,20,18,133.33,2.03,1
low,3,20,19,131.65,1.56,1
low,3,20,20,129.60,1.01,1
low,3,20,21,127.70,0.37,1
low,3,21,18,137.36,0.74,1
low,3,21,19,135.04,1.37,1
low,3,21,20,132.80,1.87,1
low,3,21,21,131.29,2.00,1
low,3,21,22,129.70,1.58,1
low,3,21,23,127.75,1.04,1
low,3,21,24,125.89,0.44,1
low,3,22,21,135.22,0.66,1
low,3,22,22,133.06,1.22,1
low,3,22,23,130.85,1.75,1
low,3,22,24,129.31,2.00,1
low,3,22,25,127.31,1.67,1
low,3,22,26,124.15,0.55,1
low,3,23,24,133.12,0.56,1
low,3,23,25,129.52,1.76,1
low,3,23,26,126.79,1.87,1
low,3,23,27,124.12,1.21,1
low,3,24,26,129.42,1.07,1
low,3,24,27,126.26,1.84,1
low,3,24,28,123.76,1.62,1
low,3,24,29,121.07,0.74,1
low,3,25,27,129.26,3.77,0
low,3,25,28,126.00,1.49,1
low,3,25,29,123.46,1.80,1
low,3,25,30,122.11,1.80,1
low,3,25,31,120.61,1.61,1
low,3,25,32,118.13,0.89,1
low,3,26,31,122.84,1.19,1
low,3,26,32,120.21,1.65,1
low,3,26,33,118.93,1.70,1
low,3,26,34,117.67,1.56,1
low,3,26,35,115.49,1.04,1
low,3,26,36,113.09,2.02,0
low,3,27,34,119.92,0.91,1
low,3,27,35,117.30,1.52,1
low,3,27,36,115.87,1.57,1
low,3,27,37,114.34,1.62,1
low,3,27,38,110.90,0.32,1
low,3,28,37,115.00,1.42,1
low,3,28,38,112.77,1.52,1
low,3,28,39,110.72,1.25,1
low,3,29,38,114.92,0.37,1
low,3,29,39,111.35,1.53,1
low,3,29,40,109.56,1.41,1
low,3,29,41,108.08,1.36,1
low,3,29,42,106.42,1.28,1
low,3,29,43,103.66,2.41,0
low,3,30,42,107.03,1.23,1
low,3,30,43,105.33,1.25,1
low,3,30,44,104.06,1.20,1
low,3,30,45,102.77,1.16,1
low,3,30,46,100.87,0.62,1
low,3,31,45,103.83,0.71,1
low,3,31,46,101.84,1.14,1
low,3,31,47,100.14,1.18,1
low,3,31,48,98.28,0.91,1
low,3,32,47,101.21,3.98,0
low,3,32,48,98.15,1.17,1
low,3,32,49,96.39,1.07,1
low,3,32,50,94.28,0.40,1
low,3,33,49,96.70,0.67,1
low,3,33,50,94.81,0.99,1
low,3,33,51,93.36,0.95,1
low,3,34,51,93.13,0.86,1
low,4,12,1,148.96,1.04,1
low,4,13,1,151.91,2.40,1
low,4,13,2,147.61,1.06,1
low,4,14,1,155.59,2.35,1
low,4,14,2,151.06,2.18,1
low,4,14,3,147.64,1.50,1
low,4,14,4,144.79,0.61,1
low,4,15,1,158.37,0.81,1
low,4,15,2,155.24,1.79,1
low,4,15,3,151.57,2.19,1
low,4,15,4,147.78,1.83,1
low,4,15,5,144.72,1.07,1
low,4,15,6,142.42,1.72,0
low,4,16,2,158.15,2.28,0
low,4,16,3,155.19,1.33,1
low,4,16,4,151.91,1.99,1
low,4,16,5,148.22,2.08,1
low,4,16,6,144.82,1.46,1
low,4,16,7,142.17,0.59,1
low,4,17,4,155.12,0.78,1
low,4,17,5,152.07,1.58,1
low,4,17,6,149.08,2.32,1
low,4,17,7,147.06,2.69,1
low,4,17,8,144.96,2.23,1
low,4,17,9,142.23,1.45,1
low,4,17,10,139.67,0.70,1
low,4,18,7,151.92,0.63,1
low,4,18,8,149.17,1.43,1
low,4,18,9,146.29,2.10,1
low,4,18,10,144.21,2.56,1
low,4,18,11,142.36,2.20,1
low,4,18,12,139.71,1.44,1
low,4,18,13,137.29,0.78,1
low,4,19,10,149.03,0.50,1
low,4,19,11,146.38,1.33,1
low,4,19,12,143.67,1.95,1
low,4,19,13,141.59,2.44,1
low,4,19,14,139.85,2.16,1
low,4,19,15,137.44,1.44,1
low,4,19,16,135.06,0.83,1
low,4,20,13,146.21,2.67,0
low,4,20,14,143.82,1.20,1
low,4,20,15,141.18,1.77,1
low,4,20,16,139.09,2.29,1
low,4,20,17,137.50,2.13,1
low,4,20,18,135.25,1.49,1
low,4,20,19,132.97,0.85,1
low,4,20,20,131.01,1.86,0
low,4,21,16,143.60,2.53,0
low,4,21,17,141.37,1.06,1
low,4,21,18,138.80,1.66,1
low,4,21,19,136.75,2.14,1
low,4,21,20,135.21,2.12,1
low,4,21,21,133.15,1.49,1
low,4,21,22,130.95,0.90,1
low,4,21,23,129.19,1.77,0
low,4,22,19,141.21,2.40,0
low,4,22,20,138.96,0.92,1
low,4,22,21,136.63,1.47,1
low,4,22,22,134.51,1.99,1
low,4,22,23,133.13,2.04,1
low,4,22,24,131.24,1.56,1
low,4,22,25,129.05,1.04,1
low,4,23,22,138.71,2.27,0
low,4,23,23,136.72,0.80,1
low,4,23,24,134.46,1.35,1
low,4,23,25,131.70,2.06,1
low,4,23,26,128.85,1.64,1
low,4,23,27,125.40,0.36,1
low,4,24,25,134.57,0.71,1
low,4,24,26,131.18,1.82,1
low,4,24,27,128.40,1.95,1
low,4,24,28,125.44,1.13,1
low,4,25,27,130.82,1.20,1
low,4,25,28,127.85,1.89,1
low,4,25,29,126.25,1.95,1
low,4,25,30,124.75,1.84,1
low,4,25,31,122.16,1.23,1
low,4,25,32,119.27,2.40,0
low,4,26,30,127.24,0.93,1
low,4,26,31,124.39,1.70,1
low,4,26,32,122.67,1.81,1
low,4,26,33,121.46,1.75,1
low,4,26,34,119.24,1.30,1
low,4,26,35,116.73,0.35,1
low,4,27,33,124.00,0.64,1
low,4,27,34,121.29,1.49,1
low,4,27,35,119.42,1.70,1
low,4,27,36,118.39,1.65,1
low,4,27,37,116.46,1.44,1
low,4,28,36,121.09,0.39,1
low,4,28,37,117.17,1.74,1
low,4,28,38,114.95,1.64,1
low,4,28,39,111.92,0.71,1
low,4,29,38,116.00,1.04,1
low,4,29,39,113.39,1.55,1
low,4,29,40,111.65,1.49,1
low,4,29,41,110.05,1.43,1
low,4,29,42,107.97,1.03,1
low,4,30,41,111.67,0.48,1
low,4,30,42,108.78,1.40,1
low,4,30,43,107.22,1.32,1
low,4,30,44,105.87,1.28,1
low,4,30,45,104.31,1.23,1
low,4,30,46,101.58,2.12,0
low,4,31,45,104.95,1.15,1
low,4,31,46,103.39,1.19,1
low,4,31,47,101.73,1.28,1
low,4,31,48,99.18,0.54,1
low,4,32,47,102.00,0.66,1
low,4,32,48,99.69,1.19,1
low,4,32,49,97.91,1.15,1
low,4,32,50,94.85,1.83,0
low,4,33,49,97.66,0.98,1
low,4,33,50,96.13,1.03,1
low,4,33,51,94.70,0.98,1
low,4,34,51,94.42,0.97,1
low,5,13,1,153.87,1.38,1
low,5,14,1,157.22,2.69,1
low,5,14,2,152.28,1.34,1
low,5,14,3,149.53,1.94,0
low,5,15,1,160.99,2.31,1
low,5,15,2,156.36,2.39,1
low,5,15,3,152.40,1.78,1
low,5,15,4,149.47,0.84,1
low,5,16,1,164.04,0.61,1
low,5,16,2,160.66,1.68,1
low,5,16,3,156.89,2.30,1
low,5,16,4,152.81,2.11,1
low,5,16,5,149.36,1.32,1
low,5,16,6,146.58,1.83,0
low,5,17,3,160.55,1.13,1
low,5,17,4,157.20,1.98,1
low,5,17,5,154.15,2.69,1
low,5,17,6,152.10,2.84,1
low,5,17,7,149.56,2.18,1
low,5,17,8,146.48,1.36,1
low,5,17,9,143.90,0.41,1
low,5,18,6,157.27,1.00,1
low,5,18,7,153.96,1.85,1
low,5,18,8,151.08,2.53,1
low,5,18,9,149.05,2.77,1
low,5,18,10,146.77,2.13,1
low,5,18,11,143.88,1.35,1
low,5,18,12,141.33,0.51,1
low,5,19,9,153.96,0.82,1
low,5,19,10,151.01,1.65,1
low,5,19,11,148.12,2.36,1
low,5,19,12,146.18,2.64,1
low,5,19,13,144.02,2.13,1
low,5,19,14,141.34,1.35,1
low,5,19,15,138.96,0.58,1
low,5,20,12,150.95,0.68,1
low,5,20,13,148.14,1.53,1
low,5,20,14,145.42,2.17,1
low,5,20,15,143.43,2.53,1
low,5,20,16,141.53,2.09,1
low,5,20,17,139.00,1.38,1
low,5,20,18,136.52,0.64,1
low,5,21,15,148.14,0.63,1
low,5,21,16,145.51,1.36,1
low,5,21,17,142.82,2.00,1
low,5,21,18,140.90,2.40,1
low,5,21,19,139.06,2.03,1
low,5,21,20,136.72,1.36,1
low,5,21,21,134.51,0.74,1
low,5,22,18,145.36,0.51,1
low,5,22,19,143.00,1.24,1
low,5,22,20,140.41,1.86,1
low,5,22,21,138.43,2.28,1
low,5,22,22,136.86,2.01,1
low,5,22,23,134.60,1.41,1
low,5,22,24,132.32,0.79,1
low,5,22,25,130.55,2.27,0
low,5,23,21,142.86,2.42,0
low,5,23,22,140.55,1.13,1
low,5,23,23,138.16,1.68,1
low,5,23,24,136.20,2.16,1
low,5,23,25,133.95,2.08,1
low,5,23,26,130.39,0.86,1
low,5,24,24,140.47,2.30,0
low,5,24,25,136.41,1.72,1
low,5,24,26,133.30,2.11,1
low,5,24,27,130.27,1.60,1
low,5,24,28,126.85,2.07,0
low,5,25,26,136.14,0.89,1
low,5,25,27,132.66,1.96,1
low,5,25,28,130.46,2.11,1
low,5,25,29,129.04,2.06,1
low,5,25,30,126.62,1.60,1
low,5,25,31,123.52,0.47,1
low,5,26,29,132.08,0.63,1
low,5,26,30,128.90,1.70,1
low,5,26,31,126.58,1.95,1
low,5,26,32,125.30,1.91,1
low,5,26,33,123.32,1.63,1
low,5,26,34,120.50,0.64,1
low,5,27,32,128.47,0.36,1
low,5,27,33,125.44,1.45,1
low,5,27,34,123.11,1.79,1
low,5,27,35,121.90,1.80,1
low,5,27,36,120.30,1.58,1
low,5,27,37,117.73,0.83,1
low,5,28,35,125.24,3.17,0
low,5,28,36,122.33,1.17,1
low,5,28,37,119.37,1.77,1
low,5,28,38,117.08,1.70,1
low,5,28,39,112.97,2.39,0
low,5,29,38,117.62,1.61,1
low,5,29,39,115.47,1.62,1
low,5,29,40,113.70,1.55,1
low,5,29,41,111.90,1.54,1
low,5,29,42,108.96,0.48,1
low,5,30,41,112.73,1.13,1
low,5,30,42,110.55,1.44,1
low,5,30,43,109.02,1.38,1
low,5,30,44,107.57,1.33,1
low,5,30,45,105.51,0.87,1
low,5,31,44,108.92,0.54,1
low,5,31,45,106.48,1.31,1
low,5,31,46,105.02,1.23,1
low,5,31,47,103.37,1.35,1
low,5,31,48,99.83,2.34,0
low,5,32,47,103.03,1.09,1
low,5,32,48,101.14,1.23,1
low,5,32,49,99.39,1.13,1
low,5,33,49,99.01,1.12,1
low,5,33,50,97.42,1.07,1
low,5,33,51,95.82,0.87,1
low,5,34,50,98.38,3.03,0
low,5,34,51,95.77,1.06,1
low,6,14,1,159.19,1.79,1
low,6,15,1,163.02,2.96,1
low,6,15,2,157.58,1.70,1
low,6,15,3,154.47,0.63,1
low,6,16,1,166.82,2.23,1
low,6,16,2,162.27,2.55,1
low,6,16,3,157.80,2.15,1
low,6,16,4,154.33,1.17,1
low,6,17,1,170.19,4.61,0
low,6,17,2,166.48,1.54,1
low,6,17,3,162.82,2.40,1
low,6,17,4,159.77,3.11,1
low,6,17,5,157.61,2.96,1
low,6,17,6,154.51,2.14,1
low,6,17,7,151.16,1.20,1
low,6,17,8,148.50,2.59,0
low,6,18,4,165.88,3.69,0
low,6,18,5,162.87,1.45,1
low,6,18,6,159.35,2.26,1
low,6,18,7,156.33,2.91,1
low,6,18,8,154.31,2.86,1
low,6,18,9,151.42,2.10,1
low,6,18,10,148.29,1.22,1
low,6,18,11,145.76,2.45,0
low,6,19,7,162.43,3.46,0
low,6,19,8,159.28,1.26,1
low,6,19,9,155.94,2.05,1
low,6,19,10,153.21,2.68,1
low,6,19,11,151.23,2.80,1
low,6,19,12,148.47,2.08,1
low,6,19,13,145.47,1.26,1
low,6,19,14,143.17,2.32,0
low,6,20,11,156.01,1.14,1
low,6,20,12,152.86,1.87,1
low,6,20,13,150.16,2.53,1
low,6,20,14,148.23,2.68,1
low,6,20,15,145.84,2.01,1
low,6,20,16,142.90,1.21,1
low,6,20,17,140.54,0.39,1
low,6,21,14,152.92,1.00,1
low,6,21,15,150.00,1.69,1
low,6,21,16,147.30,2.38,1
low,6,21,17,145.39,2.57,1
low,6,21,18,143.23,2.02,1
low,6,21,19,140.50,1.30,1
low,6,21,20,138.17,0.51,1
low,6,22,17,150.00,0.84,1
low,6,22,18,147.21,1.53,1
low,6,22,19,144.70,2.15,1
low,6,22,20,142.75,2.51,1
low,6,22,21,140.82,2.00,1
low,6,22,22,138.18,1.31,1
low,6,22,23,135.94,0.55,1
low,6,23,20,147.18,0.75,1
low,6,23,21,144.61,1.46,1
low,6,23,22,142.12,2.02,1
low,6,23,23,140.27,2.39,1
low,6,23,24,138.45,2.00,1
low,6,23,25,135.81,1.44,1
low,6,24,23,144.51,0.56,1
low,6,24,24,142.26,1.30,1
low,6,24,25,138.77,2.28,1
low,6,24,26,135.53,2.08,1
low,6,24,27,131.83,0.74,1
low,6,25,25,142.10,0.44,1
low,6,25,26,138.16,1.89,1
low,6,25,27,135.24,2.27,1
low,6,25,28,133.65,2.24,1
low,6,25,29,131.46,1.99,1
low,6,25,30,128.14,0.88,1
low,6,26,28,137.55,4.32,0
low,6,26,29,133.89,1.56,1
low,6,26,30,130.98,2.06,1
low,6,26,31,129.53,2.06,1
low,6,26,32,127.75,1.90,1
low,6,26,33,124.75,1.03,1
low,6,27,32,130.01,1.29,1
low,6,27,33,127.22,1.88,1
low,6,27,34,125.72,1.94,1
low,6,27,35,124.32,1.80,1
low,6,27,36,121.71,1.18,1
low,6,27,37,118.88,2.83,0
low,6,28,35,126.64,0.96,1
low,6,28,36,123.95,1.66,1
low,6,28,37,121.75,1.86,1
low,6,28,38,118.87,1.28,1
low,6,29,37,123.58,0.68,1
low,6,29,38,119.94,1.80,1
low,6,29,39,117.77,1.70,1
low,6,29,40,115.93,1.61,1
low,6,29,41,113.80,1.49,1
low,6,30,41,114.41,1.56,1
low,6,30,42,112.51,1.49,1
low,6,30,43,110.96,1.43,1
low,6,30,44,109.28,1.42,1
low,6,30,45,106.40,0.36,1
low,6,31,44,110.01,1.13,1
low,6,31,45,108.13,1.33,1
low,6,31,46,106.76,1.29,1
low,6,31,47,105.21,1.37,1
low,6,32,47,104.64,1.30,1
low,6,32,48,102.67,1.26,1
low,6,32,49,100.74,1.04,1
low,6,33,48,103.93,4.08,0
low,6,33,49,100.58,1.22,1
low,6,33,50,98.75,1.13,1
low,6,33,51,96.57,0.51,1
low,6,34,50,99.15,0.58,1
low,6,34,51,97.06,1.06,1
low,7,15,1,165.82,2.08,1
low,7,16,1,169.90,2.98,1
low,7,16,2,164.08,1.84,1
low,7,16,3,160.50,0.65,1
low,7,17,1,173.08,2.13,1
low,7,17,2,169.28,2.64,1
low,7,17,3,166.93,3.16,1
low,7,17,4,164.40,2.76,1
low,7,17,5,160.52,1.89,1
low,7,17,6,157.01,0.73,1
low,7,18,3,172.48,0.61,1
low,7,18,4,168.85,1.86,1
low,7,18,5,165.42,2.48,1
low,7,18,6,162.96,2.99,1
low,7,18,7,160.81,2.62,1
low,7,18,8,157.19,1.84,1
low,7,18,9,153.88,0.83,1
low,7,19,6,168.40,3.74,0
low,7,19,7,165.05,1.70,1
low,7,19,8,161.77,2.30,1
low,7,19,9,159.42,2.78,1
low,7,19,10,157.31,2.53,1
low,7,19,11,154.04,1.80,1
low,7,19,12,150.88,0.79,1
low,7,20,9,164.76,3.51,0
low,7,20,10,161.41,1.53,1
low,7,20,11,158.33,2.12,1
low,7,20,12,156.02,2.64,1
low,7,20,13,154.13,2.46,1
low,7,20,14,151.04,1.78,1
low,7,20,15,147.97,0.94,1
low,7,21,12,161.12,3.30,0
low,7,21,13,158.08,1.36,1
low,7,21,14,154.99,1.96,1
low,7,21,15,152.74,2.50,1
low,7,21,16,151.03,2.37,1
low,7,21,17,148.25,1.79,1
low,7,21,18,145.22,0.93,1
low,7,22,15,157.54,3.11,0
low,7,22,16,154.88,1.27,1
low,7,22,17,152.01,1.80,1
low,7,22,18,149.78,2.34,1
low,7,22,19,148.21,2.29,1
low,7,22,20,145.58,1.75,1
low,7,22,21,142.68,1.05,1
low,7,22,22,140.22,2.12,0
low,7,23,18,154.62,2.93,0
low,7,23,19,151.93,1.02,1
low,7,23,20,149.13,1.69,1
low,7,23,21,146.99,2.18,1
low,7,23,22,145.43,2.23,1
low,7,23,23,143.09,1.73,1
low,7,23,24,140.36,1.05,1
low,7,23,25,137.98,2.56,0
low,7,24,22,149.15,0.90,1
low,7,24,23,146.44,1.54,1
low,7,24,24,144.32,2.02,1
low,7,24,25,142.05,2.25,1
low,7,24,26,137.98,1.15,1
low,7,25,25,144.16,1.59,1
low,7,25,26,141.09,2.15,1
low,7,25,27,139.21,2.18,1
low,7,25,28,137.28,2.08,1
low,7,25,29,133.83,1.23,1
low,7,26,28,139.44,1.32,1
low,7,26,29,136.44,1.91,1
low,7,26,30,134.57,1.98,1
low,7,26,31,132.98,1.92,1
low,7,26,32,129.99,1.33,1
low,7,27,31,135.16,0.97,1
low,7,27,32,132.25,1.77,1
low,7,27,33,130.48,1.85,1
low,7,27,34,129.05,1.77,1
low,7,27,35,126.58,1.44,1
low,7,27,36,123.36,2.47,0
low,7,28,34,131.31,0.70,1
low,7,28,35,128.51,1.55,1
low,7,28,36,126.67,1.71,1
low,7,28,37,124.82,1.85,1
low,7,28,38,120.52,0.51,1
low,7,29,37,125.21,1.41,1
low,7,29,38,122.72,1.66,1
low,7,29,39,120.62,1.60,1
low,7,29,40,118.59,1.55,1
low,7,29,41,115.62,0.85,1
low,7,30,40,119.45,0.86,1
low,7,30,41,116.88,1.44,1
low,7,30,42,115.04,1.39,1
low,7,30,43,113.39,1.34,1
low,7,30,44,111.36,1.15,1
low,7,31,43,114.85,0.32,1
low,7,31,44,111.99,1.31,1
low,7,31,45,110.32,1.25,1
low,7,31,46,108.93,1.19,1
low,7,31,47,107.41,1.22,1
low,7,32,47,106.80,1.29,1
low,7,32,48,104.57,1.24,1
low,7,32,49,101.96,0.60,1
low,7,33,48,104.67,0.58,1
low,7,33,49,102.44,1.12,1
low,7,33,50,100.55,1.08,1
low,7,34,50,100.19,0.87,1
low,7,34,51,98.64,0.99,1
low,8,16,1,174.03,1.91,1
low,8,17,1,179.46,3.71,1
low,8,17,2,175.83,3.22,1
low,8,17,3,172.05,2.31,1
low,8,17,4,167.95,1.18,1
low,8,18,1,185.53,5.65,0
low,8,18,2,181.68,1.88,1
low,8,18,3,177.52,2.85,1
low,8,18,4,174.21,3.50,1
low,8,18,5,171.49,3.09,1
low,8,18,6,167.97,2.16,1
low,8,18,7,164.12,1.14,1
low,8,19,4,180.81,4.52,0
low,8,19,5,177.07,1.72,1
low,8,19,6,173.15,2.62,1
low,8,19,7,170.06,3.27,1
low,8,19,8,167.52,3.04,1
low,8,19,9,164.17,2.13,1
low,8,19,10,160.66,1.19,1
low,8,20,7,176.14,4.23,0
low,8,20,8,172.74,1.56,1
low,8,20,9,169.06,2.40,1
low,8,20,10,165.97,3.07,1
low,8,20,11,163.73,2.84,1
low,8,20,12,160.58,2.06,1
low,8,20,13,157.28,1.26,1
low,8,21,10,172.15,3.96,0
low,8,21,11,168.72,1.40,1
low,8,21,12,165.25,2.24,1
low,8,21,13,162.34,2.85,1
low,8,21,14,160.17,2.78,1
low,8,21,15,157.27,1.98,1
low,8,21,16,154.05,1.22,1
low,8,21,17,150.94,2.64,0
low,8,22,14,164.98,1.23,1
low,8,22,15,161.73,2.03,1
low,8,22,16,158.85,2.71,1
low,8,22,17,156.81,2.63,1
low,8,22,18,154.16,1.94,1
low,8,22,19,151.04,1.24,1
low,8,22,20,148.38,2.50,0
low,8,23,17,161.35,1.14,1
low,8,23,18,158.40,1.88,1
low,8,23,19,155.63,2.48,1
low,8,23,20,153.73,2.58,1
low,8,23,21,151.16,1.91,1
low,8,23,22,148.24,1.25,1
low,8,23,23,145.75,2.37,0
low,8,24,20,157.97,1.01,1
low,8,24,21,155.25,1.69,1
low,8,24,22,152.57,2.30,1
low,8,24,23,150.63,2.46,1
low,8,24,24,148.37,1.86,1
low,8,24,25,145.56,1.36,1
low,8,25,23,154.85,0.86,1
low,8,25,24,152.28,1.56,1
low,8,25,25,148.77,2.50,1
low,8,25,26,146.62,2.47,1
low,8,25,27,144.30,2.29,1
low,8,25,28,140.62,1.44,1
low,8,26,27,147.06,1.38,1
low,8,26,28,143.45,2.24,1
low,8,26,29,141.30,2.26,1
low,8,26,30,139.43,2.11,1
low,8,26,31,136.28,1.49,1
low,8,27,30,142.03,1.06,1
low,8,27,31,138.65,2.02,1
low,8,27,32,136.61,2.10,1
low,8,27,33,134.98,2.01,1
low,8,27,34,132.29,1.46,1
low,8,27,35,128.86,2.81,0
low,8,28,33,137.48,0.82,1
low,8,28,34,134.40,1.78,1
low,8,28,35,132.34,1.92,1
low,8,28,36,130.93,1.85,1
low,8,28,37,128.49,1.52,1
low,8,29,36,133.50,0.53,1
low,8,29,37,129.27,2.00,1
low,8,29,38,126.66,1.81,1
low,8,29,39,124.40,1.73,1
low,8,29,40,122.00,1.62,1
low,8,30,40,122.51,1.69,1
low,8,30,41,120.22,1.57,1
low,8,30,42,118.35,1.51,1
low,8,30,43,116.36,1.51,1
low,8,30,44,113.00,0.35,1
low,8,31,43,116.94,1.24,1
low,8,31,44,114.87,1.39,1
low,8,31,45,113.27,1.33,1
low,8,31,46,111.67,1.30,1
low,8,31,47,109.41,0.73,1
low,8,32,46,112.62,0.67,1
low,8,32,47,109.66,1.41,1
low,8,32,48,107.26,1.31,1
low,8,33,48,106.66,1.11,1
low,8,33,49,104.77,1.18,1
low,8,33,50,102.92,1.07,1
low,8,34,50,102.48,1.08,1
low,8,34,51,100.70,1.06,1
low,8,35,51,101.05,0.36,1
