setting,plane,ch,gang_width,a_lo_mm,a_hi_mm
high,0,1,1,-21.082,-16.582
high,0,2,1,-18.446,-13.946
high,0,3,1,-15.811,-11.311
high,0,4,1,-13.176,-8.676
high,0,5,1,-10.541,-6.041
high,0,6,1,-7.906,-3.406
high,0,7,1,-5.271,-0.771
high,0,8,1,-2.636,1.864
high,0,9,1,-0.000,4.500
high,0,10,1,2.635,7.135
high,0,11,1,5.270,9.770
high,0,12,1,7.905,12.405
high,0,13,1,10.540,15.040
high,0,14,1,13.175,17.675
high,0,15,1,15.811,20.311
high,0,16,1,18.446,22.946
high,1,1,1,35.362,39.862
high,1,2,1,37.997,42.497
high,1,3,1,40.632,45.132
high,1,4,1,43.267,47.767
high,1,5,1,45.902,50.402
high,1,6,1,48.538,53.038
high,1,7,1,51.173,55.673
high,1,8,1,53.808,58.308
high,1,9,1,56.443,60.943
high,1,10,1,59.078,63.578
high,1,11,1,61.713,66.213
high,1,12,1,64.348,68.848
high,1,13,1,66.984,71.484
high,1,14,1,69.619,74.119
high,1,15,1,72.254,76.754
high,1,16,1,74.889,79.389
high,1,17,1,77.524,82.024
high,1,18,1,80.159,84.659
high,1,19,1,82.795,87.295
high,1,20,1,85.430,89.930
high,1,21,1,88.065,92.565
high,1,22,1,90.700,95.200
high,1,23,1,93.335,97.835
high,1,24,1,95.970,100.470
high,1,25,2,98.605,105.741
high,1,26,2,103.876,111.011
high,1,27,2,109.146,116.281
high,1,28,2,114.416,121.552
high,1,29,2,119.687,126.822
high,1,30,2,124.957,132.092
high,1,31,2,130.227,137.363
high,1,32,2,135.498,142.633
high,1,33,4,140.768,153.173
high,1,34,4,151.309,163.714
high,1,35,8,161.849,184.795
high,2,1,1,72.960,77.460
high,2,2,1,75.595,80.095
high,2,3,1,78.230,82.730
high,2,4,1,80.865,85.365
high,2,5,1,83.500,88.000
high,2,6,1,86.136,90.636
high,2,7,1,88.771,93.271
high,2,8,1,91.406,95.906
high,2,9,1,94.041,98.541
high,2,10,1,96.676,101.176
high,2,11,1,99.311,103.811
high,2,12,1,101.947,106.447
high,2,13,1,104.582,109.082
high,2,14,1,107.217,111.717
high,2,15,1,109.852,114.352
high,2,16,1,112.487,116.987
high,2,17,1,115.122,119.622
high,2,18,1,117.757,122.257
high,2,19,1,120.393,124.893
high,2,20,1,123.028,127.528
high,2,21,1,125.663,130.163
high,2,22,1,128.298,132.798
high,2,23,1,130.933,135.433
high,2,24,1,133.568,138.068
high,2,25,1,136.204,140.704
high,2,26,1,138.839,143.339
high,2,27,1,141.474,145.974
high,2,28,1,144.109,148.609
high,2,29,1,146.744,151.244
high,2,30,1,149.379,153.879
high,2,31,1,152.014,156.514
high,2,32,1,154.650,159.150
high,2,33,2,157.285,164.420
high,2,34,2,162.555,169.690
high,2,35,2,167.825,174.961
high,2,36,2,173.096,180.231
high,2,37,2,178.366,185.501
high,2,38,2,183.636,190.772
high,2,39,2,188.907,196.042
high,2,40,2,194.177,201.312
high,2,41,2,199.447,206.582
high,2,42,2,204.718,211.853
high,2,43,2,209.988,217.123
high,2,44,2,215.258,222.393
high,2,45,2,220.529,227.664
high,2,46,2,225.799,232.934
high,2,47,2,231.069,238.204
high,2,48,2,236.339,243.475
high,2,49,2,241.610,248.745
high,2,50,2,246.880,254.015
high,2,51,2,252.150,259.286
high,2,52,2,257.421,264.556
high,2,53,2,262.691,269.826
high,2,54,2,267.961,275.097
high,2,55,2,273.232,280.367
high,2,56,2,278.502,285.637
high,2,57,4,283.772,296.178
high,2,58,4,294.313,306.718
high,2,59,8,304.854,327.800
low,0,1,1,-21.082,-16.582
low,0,2,1,-18.446,-13.946
low,0,3,1,-15.811,-11.311
low,0,4,1,-13.176,-8.676
low,0,5,1,-10.541,-6.041
low,0,6,1,-7.906,-3.406
low,0,7,1,-5.271,-0.771
low,0,8,1,-2.636,1.864
low,0,9,1,-0.000,4.500
low,0,10,1,2.635,7.135
low,0,11,1,5.270,9.770
low,0,12,1,7.905,12.405
low,0,13,1,10.540,15.040
low,0,14,1,13.175,17.675
low,0,15,1,15.811,20.311
low,0,16,1,18.446,22.946
low,1,1,1,132.417,136.917
low,1,2,1,135.052,139.552
low,1,3,1,137.687,142.187
low,1,4,1,140.323,144.823
low,1,5,1,142.958,147.458
low,1,6,1,145.593,150.093
low,1,7,1,148.228,152.728
low,1,8,1,150.863,155.363
low,1,9,1,153.498,157.998
low,1,10,1,156.133,160.633
low,1,11,1,158.769,163.269
low,1,12,1,161.404,165.904
low,1,13,1,164.039,168.539
low,1,14,1,166.674,171.174
low,1,15,1,169.309,173.809
low,1,16,1,171.944,176.444
low,1,17,1,174.580,179.080
low,1,18,1,177.215,181.715
low,1,19,1,179.850,184.350
low,1,20,1,182.485,186.985
low,1,21,1,185.120,189.620
low,1,22,1,187.755,192.255
low,1,23,1,190.390,194.890
low,1,24,1,193.026,197.526
low,1,25,2,195.661,202.796
low,1,26,2,200.931,208.066
low,1,27,2,206.201,213.337
low,1,28,2,211.472,218.607
low,1,29,2,216.742,223.877
low,1,30,2,222.012,229.148
low,1,31,2,227.283,234.418
low,1,32,2,232.553,239.688
low,1,33,4,237.823,250.229
low,1,34,4,248.364,260.769
low,1,35,8,258.905,281.851
low,2,1,1,209.556,214.056
low,2,2,1,212.192,216.692
low,2,3,1,214.827,219.327
low,2,4,1,217.462,221.962
low,2,5,1,220.097,224.597
low,2,6,1,222.732,227.232
low,2,7,1,225.367,229.867
low,2,8,1,228.003,232.503
low,2,9,1,230.638,235.138
low,2,10,1,233.273,237.773
low,2,11,1,235.908,240.408
low,2,12,1,238.543,243.043
low,2,13,1,241.178,245.678
low,2,14,1,243.813,248.313
low,2,15,1,246.449,250.949
low,2,16,1,249.084,253.584
low,2,17,1,251.719,256.219
low,2,18,1,254.354,258.854
low,2,19,1,256.989,261.489
low,2,20,1,259.624,264.124
low,2,21,1,262.260,266.760
low,2,22,1,264.895,269.395
low,2,23,1,267.530,272.030
low,2,24,1,270.165,274.665
low,2,25,1,272.800,277.300
low,2,26,1,275.435,279.935
low,2,27,1,278.071,282.571
low,2,28,1,280.706,285.206
low,2,29,1,283.341,287.841
low,2,30,1,285.976,290.476
low,2,31,1,288.611,293.111
low,2,32,1,291.246,295.746
low,2,33,2,293.881,301.017
low,2,34,2,299.152,306.287
low,2,35,2,304.422,311.557
low,2,36,2,309.692,316.828
low,2,37,2,314.963,322.098
low,2,38,2,320.233,327.368
low,2,39,2,325.503,332.638
low,2,40,2,330.774,337.909
low,2,41,2,336.044,343.179
low,2,42,2,341.314,348.449
low,2,43,2,346.585,353.720
low,2,44,2,351.855,358.990
low,2,45,2,357.125,364.260
low,2,46,2,362.396,369.531
low,2,47,2,367.666,374.801
low,2,48,2,372.936,380.071
low,2,49,2,378.206,385.342
low,2,50,2,383.477,390.612
low,2,51,2,388.747,395.882
low,2,52,2,394.017,401.153
low,2,53,2,399.288,406.423
low,2,54,2,404.558,411.693
low,2,55,2,409.828,416.963
low,2,56,2,415.099,422.234
low,2,57,4,420.369,432.774
low,2,58,4,430.910,443.315
low,2,59,8,441.450,464.396
