p_mev,light_mevee
20,14.192923
21,13.510348
22,12.872018
23,12.274967
24,11.716348
25,11.193461
26,10.703759
27,10.244857
28,9.814530
29,9.410709
30,9.031476
31,8.675056
32,8.339809
33,8.024220
34,7.726895
35,7.446544
36,7.181982
37,6.932116
38,6.695937
39,6.472515
40,6.260995
41,6.060585
42,5.870555
43,5.690230
44,5.518987
45,5.356251
46,5.201487
47,5.054201
48,4.913935
49,4.780265
50,4.652796
51,4.531163
52,4.415024
53,4.304063
54,4.197985
55,4.096516
56,3.999398
57,3.906394
58,3.817279
59,3.731844
60,3.649896
61,3.571250
62,3.495737
63,3.423194
64,3.353473
65,3.286432
66,3.221937
67,3.159865
68,3.100098
69,3.042526
70,2.987045
71,2.933557
72,2.881969
73,2.832195
74,2.784152
75,2.737763
76,2.692953
77,2.649654
78,2.607800
79,2.567328
80,2.528180
81,2.490300
82,2.453634
83,2.418133
84,2.383748
85,2.350435
86,2.318151
87,2.286853
88,2.256504
89,2.227066
90,2.198505
91,2.170785
92,2.143877
93,2.117747
94,2.092369
95,2.067714
96,2.043755
97,2.020467
98,1.997826
99,1.975809
100,1.954393
101,1.933558
102,1.913283
103,1.893550
104,1.874338
105,1.855631
106,1.837412
107,1.819665
108,1.802372
109,1.785521
110,1.769096
111,1.753083
112,1.737470
113,1.722243
114,1.707390
115,1.692899
116,1.678760
117,1.664962
118,1.651493
119,1.638343
120,1.625504
121,1.612966
122,1.600720
123,1.588757
124,1.577068
125,1.565647
126,1.554484
127,1.543573
128,1.532907
129,1.522478
130,1.512279
131,1.502305
132,1.492550
133,1.483006
134,1.473668
135,1.464531
136,1.455589
137,1.446837
138,1.438269
139,1.429882
140,1.421670
141,1.413628
142,1.405752
143,1.398038
144,1.390482
145,1.383079
146,1.375826
147,1.368718
148,1.361753
149,1.354927
150,1.348235
151,1.341676
152,1.335245
153,1.328940
154,1.322756
155,1.316693
156,1.310746
157,1.304913
158,1.299191
159,1.293577
160,1.288069
161,1.282665
162,1.277362
163,1.272158
164,1.267050
165,1.262036
166,1.257114
167,1.252283
168,1.247539
169,1.242881
170,1.238308
171,1.233817
172,1.229406
173,1.225074
174,1.220819
175,1.216639
176,1.212533
177,1.208499
178,1.204536
179,1.200641
180,1.196814
181,1.193054
182,1.189358
183,1.185725
184,1.182155
185,1.178646
186,1.175196
187,1.171804
188,1.168470
189,1.165192
190,1.161968
191,1.158799
192,1.155682
193,1.152617
194,1.149602
195,1.146637
196,1.143721
197,1.140852
198,1.138031
199,1.135255
200,1.132524
201,1.129837
202,1.127194
203,1.124593
204,1.122034
205,1.119516
206,1.117037
207,1.114599
208,1.112198
209,1.109836
210,1.107511
211,1.105222
212,1.102970
213,1.100752
214,1.098569
215,1.096420
216,1.094305
217,1.092222
218,1.090171
219,1.088152
220,1.086164
221,1.084206
222,1.082279
223,1.080380
224,1.078511
225,1.076670
226,1.074857
227,1.073071
228,1.071312
229,1.069580
230,1.067874
231,1.066193
232,1.064538
233,1.062907
234,1.061301
235,1.059718
236,1.058159
237,1.056623
238,1.055110
239,1.053619
240,1.052151
241,1.050703
242,1.049278
243,1.047873
244,1.046488
245,1.045124
246,1.043780
247,1.042456
248,1.041151
249,1.039864
250,1.038597
251,1.037348
252,1.036117
253,1.034904
254,1.033708
255,1.032530
256,1.031368
257,1.030224
258,1.029095
259,1.027984
260,1.026888
261,1.025807
262,1.024743
263,1.023693
264,1.022659
265,1.021639
266,1.020634
267,1.019643
268,1.018667
269,1.017704
270,1.016755
271,1.015819
272,1.014897
273,1.013988
274,1.013092
275,1.012209
276,1.011338
277,1.010480
278,1.009633
279,1.008799
280,1.007977
281,1.007166
282,1.006367
283,1.005579
284,1.004802
285,1.004036
286,1.003281
287,1.002537
288,1.001803
289,1.001080
290,1.000367
291,0.999664
292,0.998971
293,0.998288
294,0.997615
295,0.996951
296,0.996297
297,0.995652
298,0.995016
299,0.994389
300,0.993771
301,0.993162
302,0.992561
303,0.991969
304,0.991386
305,0.990811
306,0.990244
307,0.989685
308,0.989134
309,0.988591
310,0.988056
311,0.987528
312,0.987009
313,0.986496
314,0.985991
315,0.985493
316,0.985003
317,0.984519
318,0.984043
319,0.983574
320,0.983111
321,0.982655
322,0.982206
323,0.981763
324,0.981326
325,0.980897
326,0.980473
327,0.980056
328,0.979644
329,0.979239
330,0.978840
331,0.978447
332,0.978060
333,0.977678
334,0.977302
335,0.976932
336,0.976567
337,0.976208
338,0.975854
339,0.975506
340,0.975162
341,0.974824
342,0.974492
343,0.974164
344,0.973841
345,0.973523
346,0.973211
347,0.972903
348,0.972599
349,0.972301
350,0.972007
351,0.971718
352,0.971433
353,0.971153
354,0.970877
355,0.970606
356,0.970339
357,0.970077
358,0.969818
359,0.969564
360,0.969314
361,0.969068
362,0.968826
363,0.968588
364,0.968354
365,0.968124
366,0.967897
367,0.967675
368,0.967456
369,0.967241
370,0.967030
371,0.966822
372,0.966618
373,0.966417
374,0.966220
375,0.966027
376,0.965836
377,0.965650
378,0.965466
379,0.965286
380,0.965109
381,0.964936
382,0.964765
383,0.964598
384,0.964434
385,0.964273
386,0.964115
387,0.963960
388,0.963808
389,0.963658
390,0.963512
391,0.963369
392,0.963229
393,0.963091
394,0.962956
395,0.962824
396,0.962695
397,0.962568
398,0.962444
399,0.962323
400,0.962204
401,0.962088
402,0.961974
403,0.961863
404,0.961754
405,0.961648
406,0.961544
407,0.961443
408,0.961344
409,0.961248
410,0.961153
411,0.961061
412,0.960972
413,0.960884
414,0.960799
415,0.960716
416,0.960635
417,0.960557
418,0.960480
419,0.960406
420,0.960334
421,0.960263
422,0.960195
423,0.960129
424,0.960065
425,0.960003
426,0.959942
427,0.959884
428,0.959828
429,0.959773
430,0.959721
431,0.959670
432,0.959621
433,0.959574
434,0.959528
435,0.959485
436,0.959443
437,0.959403
438,0.959365
439,0.959328
440,0.959293
441,0.959260
442,0.959228
443,0.959198
444,0.959170
445,0.959143
446,0.959118
447,0.959094
448,0.959072
449,0.959052
450,0.959033
451,0.959015
452,0.958999
453,0.958985
454,0.958972
455,0.958960
456,0.958950
457,0.958941
458,0.958933
459,0.958927
460,0.958923
461,0.958919
462,0.958917
463,0.958917
464,0.958917
465,0.958919
466,0.958922
467,0.958927
468,0.958932
469,0.958939
470,0.958948
471,0.958957
472,0.958968
473,0.958979
474,0.958992
475,0.959007
476,0.959022
477,0.959038
478,0.959056
479,0.959075
480,0.959095
481,0.959116
482,0.959138
483,0.959161
484,0.959185
485,0.959210
486,0.959236
487,0.959264
488,0.959292
489,0.959321
490,0.959352
491,0.959383
492,0.959415
493,0.959449
494,0.959483
495,0.959518
496,0.959554
497,0.959591
498,0.959629
499,0.959668
500,0.959708
501,0.959749
502,0.959791
503,0.959833
504,0.959876
505,0.959921
506,0.959966
507,0.960012
508,0.960058
509,0.960106
510,0.960154
511,0.960204
512,0.960254
513,0.960305
514,0.960356
515,0.960409
516,0.960462
517,0.960516
518,0.960570
519,0.960626
520,0.960682
521,0.960739
522,0.960796
523,0.960855
524,0.960914
525,0.960974
526,0.961034
527,0.961095
528,0.961157
529,0.961220
530,0.961283
531,0.961347
532,0.961411
533,0.961476
534,0.961542
535,0.961608
536,0.961676
537,0.961743
538,0.961812
539,0.961880
540,0.961950
541,0.962020
542,0.962091
543,0.962162
544,0.962234
545,0.962306
546,0.962380
547,0.962453
548,0.962527
549,0.962602
550,0.962677
551,0.962753
552,0.962829
553,0.962906
554,0.962984
555,0.963062
556,0.963140
557,0.963219
558,0.963298
559,0.963378
560,0.963459
561,0.963540
562,0.963621
563,0.963703
564,0.963786
565,0.963868
566,0.963952
567,0.964035
568,0.964120
569,0.964204
570,0.964290
571,0.964375
572,0.964461
573,0.964548
574,0.964635
575,0.964722
576,0.964810
577,0.964898
578,0.964986
579,0.965075
580,0.965165
581,0.965254
582,0.965345
583,0.965435
584,0.965526
585,0.965618
586,0.965709
587,0.965801
588,0.965894
589,0.965987
590,0.966080
591,0.966173
592,0.966267
593,0.966362
594,0.966456
595,0.966551
596,0.966647
597,0.966742
598,0.966838
599,0.966935
600,0.967031
601,0.967128
602,0.967226
603,0.967323
604,0.967421
605,0.967520
606,0.967618
607,0.967717
608,0.967816
609,0.967916
610,0.968015
611,0.968116
612,0.968216
613,0.968317
614,0.968418
615,0.968519
616,0.968620
617,0.968722
618,0.968824
619,0.968926
620,0.969029
621,0.969132
622,0.969235
623,0.969338
624,0.969442
625,0.969546
626,0.969650
627,0.969754
628,0.969859
629,0.969964
630,0.970069
631,0.970174
632,0.970280
633,0.970386
634,0.970492
635,0.970598
636,0.970705
637,0.970811
638,0.970918
639,0.971025
640,0.971133
641,0.971240
642,0.971348
643,0.971456
644,0.971564
645,0.971673
646,0.971782
647,0.971890
648,0.971999
649,0.972109
650,0.972218
651,0.972328
652,0.972437
653,0.972547
654,0.972658
655,0.972768
656,0.972878
657,0.972989
658,0.973100
659,0.973211
660,0.973322
661,0.973434
662,0.973545
663,0.973657
664,0.973769
665,0.973881
666,0.973993
667,0.974105
668,0.974218
669,0.974331
670,0.974444
671,0.974557
672,0.974670
673,0.974783
674,0.974896
675,0.975010
676,0.975124
677,0.975238
678,0.975352
679,0.975466
680,0.975580
681,0.975694
682,0.975809
683,0.975924
684,0.976038
685,0.976153
686,0.976268
687,0.976384
688,0.976499
689,0.976614
690,0.976730
691,0.976845
692,0.976961
693,0.977077
694,0.977193
695,0.977309
696,0.977425
697,0.977542
698,0.977658
699,0.977775
700,0.977891
701,0.978008
702,0.978125
703,0.978242
704,0.978359
705,0.978476
706,0.978593
707,0.978711
708,0.978828
709,0.978946
710,0.979063
711,0.979181
712,0.979299
713,0.979417
714,0.979535
715,0.979653
716,0.979771
717,0.979889
718,0.980008
719,0.980126
720,0.980245
721,0.980363
722,0.980482
723,0.980600
724,0.980719
725,0.980838
726,0.980957
727,0.981076
728,0.981195
729,0.981314
730,0.981433
731,0.981553
732,0.981672
733,0.981791
734,0.981911
735,0.982030
736,0.982150
737,0.982270
738,0.982389
739,0.982509
740,0.982629
741,0.982749
742,0.982869
743,0.982989
744,0.983109
745,0.983229
746,0.983349
747,0.983469
748,0.983590
749,0.983710
750,0.983830
751,0.983951
752,0.984071
753,0.984192
754,0.984312
755,0.984433
756,0.984553
757,0.984674
758,0.984795
759,0.984915
760,0.985036
761,0.985157
762,0.985278
763,0.985399
764,0.985520
765,0.985641
766,0.985762
767,0.985883
768,0.986004
769,0.986125
770,0.986246
771,0.986367
772,0.986488
773,0.986609
774,0.986731
775,0.986852
776,0.986973
777,0.987095
778,0.987216
779,0.987337
780,0.987459
781,0.987580
782,0.987702
783,0.987823
784,0.987945
785,0.988066
786,0.988188
787,0.988309
788,0.988431
789,0.988552
790,0.988674
791,0.988795
792,0.988917
793,0.989039
794,0.989160
795,0.989282
796,0.989404
797,0.989525
798,0.989647
799,0.989769
800,0.989891
801,0.990012
802,0.990134
803,0.990256
804,0.990378
805,0.990499
806,0.990621
807,0.990743
808,0.990865
809,0.990986
810,0.991108
811,0.991230
812,0.991352
813,0.991474
814,0.991595
815,0.991717
816,0.991839
817,0.991961
818,0.992083
819,0.992204
820,0.992326
821,0.992448
822,0.992570
823,0.992692
824,0.992814
825,0.992935
826,0.993057
827,0.993179
828,0.993301
829,0.993422
830,0.993544
831,0.993666
832,0.993788
833,0.993910
834,0.994031
835,0.994153
836,0.994275
837,0.994396
838,0.994518
839,0.994640
840,0.994762
841,0.994883
842,0.995005
843,0.995127
844,0.995248
845,0.995370
846,0.995492
847,0.995613
848,0.995735
849,0.995856
850,0.995978
851,0.996099
852,0.996221
853,0.996342
854,0.996464
855,0.996585
856,0.996707
857,0.996828
858,0.996950
859,0.997071
860,0.997193
861,0.997314
862,0.997435
863,0.997557
864,0.997678
865,0.997799
866,0.997921
867,0.998042
868,0.998163
869,0.998284
870,0.998406
871,0.998527
872,0.998648
873,0.998769
874,0.998890
875,0.999011
876,0.999132
877,0.999253
878,0.999374
879,0.999495
880,0.999616
881,0.999737
882,0.999858
883,0.999979
884,1.000100
885,1.000221
886,1.000342
887,1.000462
888,1.000583
889,1.000704
890,1.000825
891,1.000945
892,1.001066
893,1.001187
894,1.001307
895,1.001428
896,1.001548
897,1.001669
898,1.001789
899,1.001910
900,1.002030
901,1.002150
902,1.002271
903,1.002391
904,1.002511
905,1.002632
906,1.002752
907,1.002872
908,1.002992
909,1.003112
910,1.003232
911,1.003352
912,1.003472
913,1.003592
914,1.003712
915,1.003832
916,1.003952
917,1.004072
918,1.004192
919,1.004312
920,1.004431
921,1.004551
922,1.004671
923,1.004790
924,1.004910
925,1.005029
926,1.005149
927,1.005268
928,1.005388
929,1.005507
930,1.005627
931,1.005746
932,1.005865
933,1.005985
934,1.006104
935,1.006223
936,1.006342
937,1.006461
938,1.006580
939,1.006699
940,1.006818
941,1.006937
942,1.007056
943,1.007175
944,1.007294
945,1.007413
946,1.007531
947,1.007650
948,1.007769
949,1.007888
950,1.008006
951,1.008125
952,1.008243
953,1.008362
954,1.008480
955,1.008598
956,1.008717
957,1.008835
958,1.008953
959,1.009071
960,1.009190
961,1.009308
962,1.009426
963,1.009544
964,1.009662
965,1.009780
966,1.009898
967,1.010016
968,1.010133
969,1.010251
970,1.010369
971,1.010487
972,1.010604
973,1.010722
974,1.010839
975,1.010957
976,1.011074
977,1.011192
978,1.011309
979,1.011427
980,1.011544
981,1.011661
982,1.011778
983,1.011895
984,1.012012
985,1.012130
986,1.012247
987,1.012364
988,1.012480
989,1.012597
990,1.012714
991,1.012831
992,1.012948
993,1.013064
994,1.013181
995,1.013298
996,1.013414
997,1.013531
998,1.013647
999,1.013763
1000,1.013880
1001,1.013996
1002,1.014112
1003,1.014228
1004,1.014345
1005,1.014461
1006,1.014577
1007,1.014693
1008,1.014809
1009,1.014925
1010,1.015041
1011,1.015156
1012,1.015272
1013,1.015388
1014,1.015504
1015,1.015619
1016,1.015735
1017,1.015850
1018,1.015966
1019,1.016081
1020,1.016197
1021,1.016312
1022,1.016427
1023,1.016542
1024,1.016658
1025,1.016773
1026,1.016888
1027,1.017003
1028,1.017118
1029,1.017233
1030,1.017348
1031,1.017462
1032,1.017577
1033,1.017692
1034,1.017807
1035,1.017921
1036,1.018036
1037,1.018150
1038,1.018265
1039,1.018379
1040,1.018494
1041,1.018608
1042,1.018722
1043,1.018836
1044,1.018950
1045,1.019065
1046,1.019179
1047,1.019293
1048,1.019407
1049,1.019521
1050,1.019634
1051,1.019748
1052,1.019862
1053,1.019976
1054,1.020089
1055,1.020203
1056,1.020316
1057,1.020430
1058,1.020543
1059,1.020657
1060,1.020770
1061,1.020883
1062,1.020997
1063,1.021110
1064,1.021223
1065,1.021336
1066,1.021449
1067,1.021562
1068,1.021675
1069,1.021788
1070,1.021901
1071,1.022013
1072,1.022126
1073,1.022239
1074,1.022351
1075,1.022464
1076,1.022576
1077,1.022689
1078,1.022801
1079,1.022913
1080,1.023026
1081,1.023138
1082,1.023250
1083,1.023362
1084,1.023474
1085,1.023586
1086,1.023698
1087,1.023810
1088,1.023922
1089,1.024034
1090,1.024146
1091,1.024257
1092,1.024369
1093,1.024481
1094,1.024592
1095,1.024704
1096,1.024815
1097,1.024926
1098,1.025038
1099,1.025149
1100,1.025260
1101,1.025371
1102,1.025482
1103,1.025593
1104,1.025704
1105,1.025815
1106,1.025926
1107,1.026037
1108,1.026148
1109,1.026259
1110,1.026369
1111,1.026480
1112,1.026591
1113,1.026701
1114,1.026811
1115,1.026922
1116,1.027032
1117,1.027143
1118,1.027253
1119,1.027363
1120,1.027473
1121,1.027583
1122,1.027693
1123,1.027803
1124,1.027913
1125,1.028023
1126,1.028133
1127,1.028243
1128,1.028352
1129,1.028462
1130,1.028571
1131,1.028681
1132,1.028790
1133,1.028900
1134,1.029009
1135,1.029119
1136,1.029228
1137,1.029337
1138,1.029446
1139,1.029555
1140,1.029664
1141,1.029773
1142,1.029882
1143,1.029991
1144,1.030100
1145,1.030209
1146,1.030318
1147,1.030426
1148,1.030535
1149,1.030643
1150,1.030752
1151,1.030860
1152,1.030969
1153,1.031077
1154,1.031185
1155,1.031294
1156,1.031402
1157,1.031510
1158,1.031618
1159,1.031726
1160,1.031834
1161,1.031942
1162,1.032050
1163,1.032157
1164,1.032265
1165,1.032373
1166,1.032481
1167,1.032588
1168,1.032696
1169,1.032803
1170,1.032911
1171,1.033018
1172,1.033125
1173,1.033232
1174,1.033340
1175,1.033447
1176,1.033554
1177,1.033661
1178,1.033768
1179,1.033875
1180,1.033982
1181,1.034088
1182,1.034195
1183,1.034302
1184,1.034409
1185,1.034515
1186,1.034622
1187,1.034728
1188,1.034835
1189,1.034941
1190,1.035047
1191,1.035154
1192,1.035260
1193,1.035366
1194,1.035472
1195,1.035578
1196,1.035684
1197,1.035790
1198,1.035896
1199,1.036002
1200,1.036108
1201,1.036213
1202,1.036319
1203,1.036425
1204,1.036530
1205,1.036636
1206,1.036741
1207,1.036847
1208,1.036952
1209,1.037057
1210,1.037162
1211,1.037268
1212,1.037373
1213,1.037478
1214,1.037583
1215,1.037688
1216,1.037793
1217,1.037898
1218,1.038002
1219,1.038107
1220,1.038212
1221,1.038316
1222,1.038421
1223,1.038526
1224,1.038630
1225,1.038735
1226,1.038839
1227,1.038943
1228,1.039047
1229,1.039152
1230,1.039256
1231,1.039360
1232,1.039464
1233,1.039568
1234,1.039672
1235,1.039776
1236,1.039880
1237,1.039983
1238,1.040087
1239,1.040191
1240,1.040294
1241,1.040398
1242,1.040502
1243,1.040605
1244,1.040708
1245,1.040812
1246,1.040915
1247,1.041018
1248,1.041121
1249,1.041225
1250,1.041328
1251,1.041431
1252,1.041534
1253,1.041637
1254,1.041739
1255,1.041842
1256,1.041945
1257,1.042048
1258,1.042150
1259,1.042253
1260,1.042355
1261,1.042458
1262,1.042560
1263,1.042663
1264,1.042765
1265,1.042867
1266,1.042970
1267,1.043072
1268,1.043174
1269,1.043276
1270,1.043378
1271,1.043480
1272,1.043582
1273,1.043684
1274,1.043786
1275,1.043887
1276,1.043989
1277,1.044091
1278,1.044192
1279,1.044294
1280,1.044395
1281,1.044497
1282,1.044598
1283,1.044699
1284,1.044801
1285,1.044902
1286,1.045003
1287,1.045104
1288,1.045205
1289,1.045306
1290,1.045407
1291,1.045508
1292,1.045609
1293,1.045710
1294,1.045810
1295,1.045911
1296,1.046012
1297,1.046112
1298,1.046213
1299,1.046313
1300,1.046414
1301,1.046514
1302,1.046614
1303,1.046715
1304,1.046815
1305,1.046915
1306,1.047015
1307,1.047115
1308,1.047215
1309,1.047315
1310,1.047415
1311,1.047515
1312,1.047615
1313,1.047714
1314,1.047814
1315,1.047914
1316,1.048013
1317,1.048113
1318,1.048212
1319,1.048312
1320,1.048411
1321,1.048511
1322,1.048610
1323,1.048709
1324,1.048808
1325,1.048907
1326,1.049006
1327,1.049105
1328,1.049204
1329,1.049303
1330,1.049402
1331,1.049501
1332,1.049600
1333,1.049698
1334,1.049797
1335,1.049896
1336,1.049994
1337,1.050093
1338,1.050191
1339,1.050290
1340,1.050388
1341,1.050486
1342,1.050584
1343,1.050683
1344,1.050781
1345,1.050879
1346,1.050977
1347,1.051075
1348,1.051173
1349,1.051271
1350,1.051369
1351,1.051466
1352,1.051564
1353,1.051662
1354,1.051759
1355,1.051857
1356,1.051954
1357,1.052052
1358,1.052149
1359,1.052247
1360,1.052344
1361,1.052441
1362,1.052539
1363,1.052636
1364,1.052733
1365,1.052830
1366,1.052927
1367,1.053024
1368,1.053121
1369,1.053218
1370,1.053315
1371,1.053411
1372,1.053508
1373,1.053605
1374,1.053701
1375,1.053798
1376,1.053894
1377,1.053991
1378,1.054087
1379,1.054184
1380,1.054280
1381,1.054376
1382,1.054472
1383,1.054569
1384,1.054665
1385,1.054761
1386,1.054857
1387,1.054953
1388,1.055049
1389,1.055145
1390,1.055240
1391,1.055336
1392,1.055432
1393,1.055527
1394,1.055623
1395,1.055719
1396,1.055814
1397,1.055910
1398,1.056005
1399,1.056100
1400,1.056196
1401,1.056291
1402,1.056386
1403,1.056481
1404,1.056577
1405,1.056672
1406,1.056767
1407,1.056862
1408,1.056956
1409,1.057051
1410,1.057146
1411,1.057241
1412,1.057336
1413,1.057430
1414,1.057525
1415,1.057620
1416,1.057714
1417,1.057809
1418,1.057903
1419,1.057997
1420,1.058092
1421,1.058186
1422,1.058280
1423,1.058374
1424,1.058469
1425,1.058563
1426,1.058657
1427,1.058751
1428,1.058845
1429,1.058939
1430,1.059032
1431,1.059126
1432,1.059220
1433,1.059314
1434,1.059407
1435,1.059501
1436,1.059594
1437,1.059688
1438,1.059781
1439,1.059875
1440,1.059968
1441,1.060061
1442,1.060155
1443,1.060248
1444,1.060341
1445,1.060434
1446,1.060527
1447,1.060620
1448,1.060713
1449,1.060806
1450,1.060899
1451,1.060992
1452,1.061085
1453,1.061177
1454,1.061270
1455,1.061363
1456,1.061455
1457,1.061548
1458,1.061640
1459,1.061733
1460,1.061825
1461,1.061918
1462,1.062010
1463,1.062102
1464,1.062194
1465,1.062287
1466,1.062379
1467,1.062471
1468,1.062563
1469,1.062655
1470,1.062747
1471,1.062839
1472,1.062930
1473,1.063022
1474,1.063114
1475,1.063206
1476,1.063297
1477,1.063389
1478,1.063480
1479,1.063572
1480,1.063663
1481,1.063755
1482,1.063846
1483,1.063937
1484,1.064029
1485,1.064120
1486,1.064211
1487,1.064302
1488,1.064393
1489,1.064484
1490,1.064575
1491,1.064666
1492,1.064757
1493,1.064848
1494,1.064939
1495,1.065030
1496,1.065120
1497,1.065211
1498,1.065302
1499,1.065392
1500,1.065483
